datetime,consumption
2023-04-30 15:17:00,-0.7056089
2023-04-30 15:18:00,-0.69085995
2023-04-30 15:19:00,-0.6720076
2023-04-30 15:20:00,-0.65349495
2023-04-30 15:21:00,-0.6368108499999999
2023-04-30 15:22:00,-0.6204923999999999
2023-04-30 15:23:00,-0.6088258499999999
2023-04-30 15:24:00,-0.61275755
2023-04-30 15:25:00,-0.62425465
2023-04-30 15:26:00,-0.6394615499999999
2023-04-30 15:27:00,-0.65362235
2023-04-30 15:28:00,-0.66760505
2023-04-30 15:29:00,-0.6824072999999999
2023-04-30 15:30:00,-0.69741655
2023-04-30 15:31:00,-0.73169595
2023-04-30 15:32:00,-0.7656234
2023-04-30 15:33:00,-0.7994125
2023-04-30 15:34:00,-0.8313905000000001
2023-04-30 15:35:00,-0.8616702499999999
2023-04-30 15:36:00,-0.8644955
2023-04-30 15:53:00,-0.8744924999999999
2023-04-30 16:10:00,-0.88753395
2023-04-30 16:26:00,-0.8764140500000001
2023-04-30 16:45:00,-0.8998262000000001
2023-04-30 16:46:00,-0.91346485
2023-04-30 16:47:00,-0.9271885500000001
2023-04-30 16:48:00,-0.9412816500000001
2023-04-30 17:04:00,-0.9461622000000001
2023-04-30 17:21:00,-0.9447437
2023-04-30 17:22:00,-0.93926515
2023-04-30 17:23:00,-0.93509765
2023-04-30 17:24:00,-0.93118265
2023-04-30 17:25:00,-0.9239470000000001
2023-04-30 17:26:00,-0.9159185
2023-04-30 17:27:00,-0.90732785
2023-04-30 17:28:00,-0.8993624
2023-04-30 17:29:00,-0.8916985000000001
2023-04-30 17:30:00,-0.8843445
2023-04-30 17:31:00,-0.8768210500000001
2023-04-30 17:32:00,-0.8946539499999999
2023-04-30 17:33:00,-0.8967298
2023-04-30 17:34:00,-0.8995042999999999
2023-04-30 17:35:00,-0.9264933999999999
2023-04-30 17:36:00,-0.9193802
2023-04-30 17:37:00,-0.9211701999999999
2023-04-30 17:38:00,-0.9235808499999999
2023-04-30 17:39:00,-0.92607855
2023-04-30 17:40:00,-0.9222230499999999
2023-04-30 17:41:00,-0.9163123
2023-04-30 17:42:00,-0.9107373500000001
2023-04-30 17:43:00,-0.9047462
2023-04-30 17:44:00,-0.8957451500000001
2023-04-30 17:45:00,-0.88630535
2023-04-30 17:46:00,-0.877265
2023-04-30 17:47:00,-0.8691894
2023-04-30 17:48:00,-0.8610394999999998
2023-04-30 17:49:00,-0.85248575
2023-04-30 17:50:00,-0.844758
2023-04-30 17:51:00,-0.8369559500000001
2023-04-30 17:53:00,-0.82804915
2023-04-30 17:54:00,-0.82430355
2023-04-30 17:55:00,-0.8207325000000001
2023-04-30 17:56:00,-0.82199375
2023-04-30 17:57:00,-0.8231613999999999
2023-04-30 17:58:00,-0.8230571
2023-04-30 17:59:00,-0.8224959500000001
2023-04-30 18:00:00,-0.8222654999999999
2023-04-30 18:01:00,-0.8262377
2023-04-30 18:02:00,-0.83001705
2023-04-30 18:03:00,-0.8334871
2023-04-30 18:04:00,-0.8371826000000001
2023-04-30 18:05:00,-0.8438404500000001
2023-04-30 18:06:00,-0.8543218
2023-04-30 18:07:00,-0.8652398499999999
2023-04-30 18:08:00,-0.8754914000000001
2023-04-30 18:09:00,-0.8851721
2023-04-30 18:10:00,-0.89125715
2023-04-30 18:11:00,-0.9234874
2023-04-30 18:12:00,-0.9364019000000001
2023-04-30 18:13:00,-0.9488702999999999
2023-04-30 18:14:00,-0.96221795
2023-04-30 18:15:00,-0.9753927
2023-04-30 18:16:00,-0.9849501
2023-04-30 18:17:00,-0.99516915
2023-04-30 18:18:00,-1.00564595
2023-04-30 18:19:00,-1.0162873
2023-04-30 18:20:00,-1.0263286
2023-04-30 18:21:00,-1.0306857500000002
2023-04-30 18:22:00,-1.03459865
2023-04-30 18:23:00,-1.0393966
2023-04-30 18:24:00,-1.04402775
2023-04-30 18:25:00,-1.0446857
2023-04-30 18:26:00,-1.04121065
2023-04-30 18:27:00,-1.0390807
2023-04-30 18:28:00,-1.03830575
2023-04-30 18:29:00,-1.0365210500000002
2023-04-30 18:30:00,-1.03856065
2023-04-30 18:31:00,-1.01441325
2023-04-30 18:32:00,-1.01046115
2023-04-30 18:33:00,-1.0075492000000001
2023-04-30 18:34:00,-1.0026915500000002
2023-04-30 18:35:00,-0.9944049000000001
2023-04-30 18:36:00,-0.98618575
2023-04-30 18:37:00,-0.97463495
2023-04-30 18:38:00,-0.96331285
2023-04-30 18:39:00,-0.9815388500000002
2023-04-30 18:40:00,-1.06069885
2023-04-30 18:41:00,-1.14111435
2023-04-30 18:42:00,-1.22249285
2023-04-30 18:43:00,-1.30310335
2023-04-30 18:44:00,-1.38369185
2023-04-30 18:45:00,-1.4653371
2023-04-30 18:46:00,-1.55161025
2023-04-30 18:47:00,-1.6367095
2023-04-30 18:48:00,-1.72023915
2023-04-30 18:49:00,-1.80587
2023-04-30 18:50:00,-1.8660594999999998
2023-04-30 18:51:00,-1.9394839
2023-04-30 18:52:00,-2.009826
2023-04-30 18:53:00,-2.09435315
2023-04-30 18:54:00,-2.2430488
2023-04-30 18:55:00,-2.36961295
2023-04-30 18:56:00,-2.4551641
2023-04-30 18:57:00,-2.5195669
2023-04-30 18:58:00,-2.6303609999999997
2023-04-30 18:59:00,-2.711299
2023-04-30 19:00:00,-2.7322705000000003
2023-04-30 19:01:00,-2.7725779999999998
2023-04-30 19:02:00,-2.8560365
2023-04-30 19:03:00,-2.9096850000000005
2023-04-30 19:04:00,-2.9139309999999994
2023-04-30 19:05:00,-2.8866220000000005
2023-04-30 19:06:00,-2.8927715
2023-04-30 19:07:00,-2.8367555
2023-04-30 19:08:00,-2.76467
2023-04-30 19:09:00,-2.6916905
2023-04-30 19:10:00,-2.6780685
2023-04-30 19:11:00,-2.6569139999999996
2023-04-30 19:12:00,-2.63443
2023-04-30 19:13:00,-2.601133
2023-04-30 19:14:00,-2.5487005
2023-04-30 19:15:00,-2.52717
2023-04-30 19:16:00,-2.5222945
2023-04-30 19:17:00,-2.543246
2023-04-30 19:18:00,-2.558661
2023-04-30 19:19:00,-2.519085
2023-04-30 19:20:00,-2.488599
2023-04-30 19:21:00,-2.4376315
2023-04-30 19:22:00,-2.3149595
2023-04-30 19:23:00,-2.22124
2023-04-30 19:24:00,-2.1820475
2023-04-30 19:25:00,-2.1815464999999996
2023-04-30 19:26:00,-2.149018
2023-04-30 19:27:00,-2.205118
2023-04-30 19:28:00,-2.2515199999999997
2023-04-30 19:29:00,-2.293192
2023-04-30 19:30:00,-2.3162225
2023-04-30 19:31:00,-2.3399880000000004
2023-04-30 19:32:00,-2.366147
2023-04-30 19:33:00,-2.4162415
2023-05-08 07:26:00,-2.40246
2023-05-08 07:27:00,-2.3655065
2023-05-08 07:28:00,-2.3546954999999996
2023-05-08 07:29:00,-2.347713
2023-05-08 07:30:00,-2.2945659999999997
2023-05-08 07:31:00,-2.2947534999999997
2023-05-08 07:32:00,-2.2849700000000004
2023-05-08 07:33:00,-2.294593
2023-05-08 07:34:00,-2.3429205
2023-05-08 07:35:00,-2.3985445
2023-05-08 07:36:00,-2.4496809999999996
2023-05-08 07:37:00,-2.501534
2023-05-08 07:38:00,-2.551585
2023-05-08 07:39:00,-2.6041180000000006
2023-05-08 07:40:00,-2.6228320000000003
2023-05-08 07:41:00,-2.637971
2023-05-08 07:42:00,-2.641415
2023-05-08 07:43:00,-2.6454655
2023-05-08 07:44:00,-2.6518125
2023-05-08 07:45:00,-2.629498
2023-05-08 07:46:00,-2.626247
2023-05-08 07:47:00,-2.6387345
2023-05-08 07:48:00,-2.6359555
2023-05-08 07:49:00,-2.639818
2023-05-08 07:50:00,-2.6701894999999998
2023-05-08 07:51:00,-2.6946575000000004
2023-05-08 07:52:00,-2.7231965
2023-05-08 07:53:00,-2.6909104999999998
2023-05-08 07:54:00,-2.6493905
2023-05-08 07:55:00,-2.595564
2023-05-08 07:56:00,-2.545201
2023-05-08 07:57:00,-2.5055465000000003
2023-05-08 07:58:00,-2.4615475
2023-05-08 07:59:00,-2.3903939999999997
2023-05-08 08:00:00,-2.380754
2023-05-08 08:01:00,-2.319835
2023-05-08 08:02:00,-2.2593270000000003
2023-05-08 08:03:00,-2.186414
2023-05-08 08:04:00,-2.1109895
2023-05-08 08:05:00,-2.0378685
2023-05-08 08:06:00,-1.9623574999999995
2023-05-08 08:07:00,-1.8895395000000001
2023-05-08 08:08:00,-1.826661
2023-05-08 08:09:00,-1.7558970000000003
2023-05-08 08:10:00,-1.6606619999999999
2023-05-08 08:11:00,-1.5749475
2023-05-08 08:12:00,-1.4858814999999999
2023-05-08 08:13:00,-1.437225
2023-05-08 08:14:00,-1.3951709999999997
2023-05-08 08:15:00,-1.3609805000000001
2023-05-08 08:16:00,-1.3255014999999999
2023-05-08 08:17:00,-1.2859725000000002
2023-05-08 08:18:00,-1.2506460000000001
2023-05-08 08:19:00,-1.218988
2023-05-08 08:20:00,-1.1824959999999998
2023-05-08 08:21:00,-1.2101609999999998
2023-05-08 08:22:00,-1.2297185
2023-05-08 08:23:00,-1.2613065
2023-05-08 08:24:00,-1.2927594999999998
2023-05-08 08:25:00,-1.3205915
2023-05-08 08:26:00,-1.3543
2023-05-08 08:27:00,-1.3807585000000002
2023-05-08 08:28:00,-1.4119195
2023-05-08 08:29:00,-1.4414725000000002
2023-05-08 08:30:00,-1.470364
2023-05-08 08:31:00,-1.498171
2023-05-08 08:32:00,-1.521246
2023-05-08 08:33:00,-1.5488575
2023-05-08 08:34:00,-1.5717640000000002
2023-05-08 08:35:00,-1.5891035
2023-05-08 08:36:00,-1.6103265000000002
2023-05-08 08:37:00,-1.615845
2023-05-08 08:38:00,-1.6213799999999998
2023-05-08 08:39:00,-1.6255935
2023-05-08 08:40:00,-1.6285170000000002
2023-05-08 08:41:00,-1.6286570000000002
2023-05-08 08:42:00,-1.6257320000000002
2023-05-08 08:43:00,-1.6173544999999998
2023-05-08 08:44:00,-1.609188
2023-05-08 08:45:00,-1.6008244999999999
2023-05-08 08:46:00,-1.5932805
2023-05-08 08:47:00,-1.5844205
2023-05-08 08:48:00,-1.574876
2023-05-08 08:49:00,-1.5618265
2023-05-08 08:50:00,-1.5530295
2023-05-08 08:51:00,-1.5438115000000001
2023-05-08 08:52:00,-1.5391245
2023-05-08 08:53:00,-1.5323425
2023-05-08 08:54:00,-1.5226410000000001
2023-05-08 08:55:00,-1.5167840000000001
2023-05-08 08:56:00,-1.5043375
2023-05-08 08:57:00,-1.4965805
2023-05-08 08:58:00,-1.4889725
2023-05-08 08:59:00,-1.4778054999999999
2023-05-08 09:00:00,-1.4360585999999997
2023-05-08 09:01:00,-1.3928874
2023-05-08 09:02:00,-1.36232025
2023-05-08 09:03:00,-1.38622675
2023-05-08 09:04:00,-1.355443
2023-05-08 09:05:00,-1.3278765000000001
2023-05-08 09:06:00,-1.2968205499999998
2023-05-08 09:07:00,-1.2703053
2023-05-08 09:08:00,-1.2423332
2023-05-08 09:09:00,-1.2121169500000002
2023-05-08 09:10:00,-1.1819283
2023-05-08 09:11:00,-1.1514964000000003
2023-05-08 09:12:00,-1.1208133500000002
2023-05-08 09:13:00,-1.0943629500000003
2023-05-08 09:14:00,-1.0715663
2023-05-08 09:15:00,-1.044859
2023-05-08 09:16:00,-1.0143010000000001
2023-05-08 09:17:00,-0.9831873
2023-05-08 09:18:00,-0.9518382
2023-05-08 09:19:00,-0.92000205
2023-05-08 09:20:00,-0.9256977000000001
2023-05-08 09:21:00,-0.9358466000000001
2023-05-08 09:22:00,-0.94068605
2023-05-08 09:23:00,-0.8890875
2023-05-08 09:24:00,-0.8930780499999998
2023-05-08 09:25:00,-0.89799465
2023-05-08 09:26:00,-0.9005148
2023-05-08 09:27:00,-0.9031444000000002
2023-05-08 09:28:00,-0.90758145
2023-05-08 09:29:00,-0.9152334500000001
2023-05-08 09:30:00,-0.9223575
2023-05-08 09:31:00,-0.92951425
2023-05-08 09:32:00,-0.9726717999999999
2023-05-08 09:33:00,-1.0124572
2023-05-08 09:34:00,-1.04931135
2023-05-08 09:35:00,-1.0937746499999998
2023-05-08 09:36:00,-1.14123665
2023-05-08 09:37:00,-1.18403835
2023-05-08 09:38:00,-1.2073179500000002
2023-05-08 09:39:00,-1.2310316
2023-05-08 09:40:00,-1.25118135
2023-05-08 09:41:00,-1.26627315
2023-05-08 09:42:00,-1.28064235
2023-05-08 09:43:00,-1.2928899
2023-05-08 09:44:00,-1.3031061000000002
2023-05-08 09:45:00,-1.311422
2023-05-08 09:46:00,-1.3209018000000001
2023-05-08 09:47:00,-1.3300854500000001
2023-05-08 09:48:00,-1.33882
2023-05-08 09:49:00,-1.34657775
2023-05-08 09:50:00,-1.35469285
2023-05-08 09:51:00,-1.362456
2023-05-08 09:52:00,-1.3344485
2023-05-08 09:53:00,-1.306248
2023-05-08 09:54:00,-1.278166
2023-05-08 09:55:00,-1.2465315000000001
2023-05-08 09:56:00,-1.214486
2023-05-08 09:57:00,-1.1868135
2023-05-08 09:58:00,-1.178001
2023-05-08 09:59:00,-1.169913
2023-05-08 10:00:00,-1.1622545
2023-05-08 10:01:00,-1.1566965
2023-05-08 10:02:00,-1.1527775000000002
2023-05-08 10:03:00,-1.150605
2023-05-08 10:04:00,-1.157991
2023-05-08 10:05:00,-1.165533
2023-05-08 10:06:00,-1.1745355000000002
2023-05-08 10:07:00,-1.1830345
2023-05-08 10:08:00,-1.189613
2023-05-08 10:09:00,-1.197414
2023-05-08 10:10:00,-1.204505
2023-05-08 10:11:00,-1.2117455
2023-05-08 10:12:00,-1.2183510000000002
2023-05-08 10:13:00,-1.2240075000000001
2023-05-08 10:14:00,-1.2319745
2023-05-08 10:15:00,-1.239856
2023-05-08 10:16:00,-1.2483830000000002
2023-05-08 10:17:00,-1.331875
2023-05-08 10:18:00,-1.4128115
2023-05-08 10:19:00,-1.4205455
2023-05-08 10:20:00,-1.428705
2023-05-08 10:21:00,-1.4359265
2023-05-08 10:22:00,-1.517877
2023-05-08 10:23:00,-1.546105
2023-05-08 10:24:00,-1.5486110000000002
2023-05-08 10:25:00,-1.5513695
2023-05-08 10:26:00,-1.5531985
2023-05-08 10:27:00,-1.5557630000000002
2023-05-08 10:28:00,-1.559858
2023-05-08 10:29:00,-1.564895
2023-05-08 10:30:00,-1.565027
2023-05-08 10:31:00,-1.562411
2023-05-08 10:32:00,-1.5568225
2023-05-08 10:33:00,-1.5518545
2023-05-08 10:34:00,-1.5447779999999998
2023-05-08 10:35:00,-1.8726165000000001
2023-05-08 10:36:00,-2.2171860000000003
2023-05-08 10:37:00,-2.494366
2023-05-08 10:38:00,-2.7868005000000005
2023-05-08 10:39:00,-3.35483
2023-05-08 10:41:00,-3.918442
2023-05-08 10:42:00,-3.9087555000000003
2023-05-08 10:43:00,-3.918816
2023-05-08 10:44:00,-3.9315434999999996
2023-05-08 10:45:00,-3.9627799999999995
2023-05-08 10:46:00,-3.9897745000000002
2023-05-08 10:47:00,-4.0147735
2023-05-08 10:48:00,-4.0376015
2023-05-08 10:49:00,-4.058676999999999
2023-05-08 10:50:00,-4.078879
2023-05-08 10:51:00,-4.1038155
2023-05-08 10:52:00,-4.1312975
2023-05-08 10:53:00,-4.159931500000001
2023-05-08 10:54:00,-4.189784
2023-05-08 10:55:00,-4.217454
2023-05-08 10:56:00,-3.910297
2023-05-08 10:57:00,-3.5513665
2023-05-08 10:58:00,-3.185436
2023-05-08 10:59:00,-2.8064169999999997
2023-05-08 11:00:00,-2.22304445
2023-05-08 11:01:00,-1.6443898000000001
2023-05-08 11:02:00,-1.6377977000000001
2023-05-08 11:03:00,-1.5357367
2023-05-08 11:04:00,-1.48467065
2023-05-08 11:05:00,-1.4338515499999998
2023-05-08 11:06:00,-1.39171955
2023-05-08 11:07:00,-1.37557455
2023-05-08 11:08:00,-1.39423705
2023-05-08 11:09:00,-1.4258020499999997
2023-05-08 11:10:00,-1.46613755
2023-05-08 11:11:00,-1.50556955
2023-05-08 11:12:00,-1.49449955
2023-05-08 11:13:00,-1.4872870500000002
2023-05-08 11:14:00,-1.4829895499999999
2023-05-08 11:15:00,-1.48313705
2023-05-08 11:16:00,-1.48444755
2023-05-08 11:17:00,-1.5313770500000001
2023-05-08 11:18:00,-1.57787405
2023-05-08 11:19:00,-1.63336355
2023-05-08 11:20:00,-1.6888665999999999
2023-05-08 11:21:00,-1.75093125
2023-05-08 11:22:00,-1.8143093500000003
2023-05-08 11:23:00,-1.8820778500000002
2023-05-08 11:24:00,-1.9454124000000004
2023-05-08 11:25:00,-2.005637
2023-05-08 11:26:00,-2.016042
2023-05-08 11:27:00,-2.0513255
2023-05-08 11:28:00,-2.0560415
2023-05-08 11:29:00,-2.056145
2023-05-08 11:30:00,-2.0537835
2023-05-08 11:31:00,-2.0279830000000003
2023-05-08 11:32:00,-2.0459795
2023-05-08 11:33:00,-2.0656000000000003
2023-05-08 11:34:00,-2.076032
2023-05-08 11:35:00,-2.082153
2023-05-08 11:36:00,-2.0458175000000005
2023-05-08 11:37:00,-2.0431565
2023-05-08 11:38:00,-2.0404459999999998
2023-05-08 11:39:00,-2.0294605000000003
2023-05-08 11:40:00,-2.027192
2023-05-08 11:41:00,-2.008875
2023-05-08 11:42:00,-1.987598
2023-05-08 11:43:00,-1.9613579999999997
2023-05-08 11:44:00,-1.9280739999999998
2023-05-08 11:45:00,-1.8928794999999998
2023-05-08 11:46:00,-1.9029740000000002
2023-05-08 11:47:00,-1.8656025000000003
2023-05-08 11:48:00,-1.8701585
2023-05-08 11:49:00,-1.8898025000000003
2023-05-08 11:50:00,-2.285306
2023-05-08 11:51:00,-2.8925845
2023-05-08 11:52:00,-3.4580080000000004
2023-05-08 11:53:00,-4.016405499999999
2023-05-08 11:54:00,-4.5715164999999995
2023-05-08 11:55:00,-5.121071
2023-05-08 11:56:00,-5.7233730000000005
2023-05-08 11:57:00,-6.369836
2023-05-08 11:58:00,-6.9687434999999995
2023-05-08 11:59:00,-7.617913000000001
2023-05-08 12:00:00,-8.257156
2023-05-08 12:01:00,-8.908198
2023-05-08 12:02:00,-8.984147
2023-05-08 12:03:00,-9.059185000000001
2023-05-08 12:04:00,-9.1468045
2023-05-08 12:05:00,-9.195843499999999
2023-05-08 12:06:00,-9.26868
2023-05-08 12:07:00,-9.337462499999999
2023-05-08 12:08:00,-9.362707
2023-05-08 12:09:00,-9.359149500000001
2023-05-08 12:10:00,-8.9110965
2023-05-08 12:11:00,-8.277859000000001
2023-05-08 12:12:00,-7.6797265
2023-05-08 12:13:00,-7.087072
2023-05-08 12:14:00,-6.504246
2023-05-08 12:15:00,-5.922122
2023-05-08 12:16:00,-5.3428605
2023-05-08 12:17:00,-4.670211500000001
2023-05-08 12:18:00,-4.0488135
2023-05-08 12:19:00,-3.3763925000000006
2023-05-08 12:20:00,-2.6998965
2023-05-08 12:21:00,-2.0120224999999996
2023-05-08 12:22:00,-1.8966865000000002
2023-05-08 12:23:00,-1.7865895
2023-05-08 12:24:00,-1.6796105
2023-05-08 12:25:00,-1.6184485
2023-05-08 12:26:00,-1.5330885
2023-05-08 12:27:00,-1.4434485
2023-05-08 12:28:00,-1.3531084999999998
2023-05-08 12:29:00,-1.2736565
2023-05-08 12:30:00,-1.2578989999999999
2023-05-08 12:31:00,-1.2430065
2023-05-08 12:32:00,-1.2433984999999999
2023-05-08 12:33:00,-1.3184005
2023-05-08 12:34:00,-1.388789
2023-05-08 12:35:00,-1.391855
2023-05-08 12:36:00,-1.3816605
2023-05-08 12:37:00,-1.3792485
2023-05-08 12:38:00,-1.3800735
2023-05-08 12:39:00,-1.3737465
2023-05-08 12:40:00,-1.371218
2023-05-08 12:41:00,-1.3821205
2023-05-08 12:42:00,-1.4009345
2023-05-08 12:43:00,-1.4178250000000001
2023-05-08 12:44:00,-1.4289850000000002
2023-05-08 12:45:00,-1.431775
2023-05-08 12:46:00,-1.435815
2023-05-08 12:47:00,-1.4520545
2023-05-08 12:48:00,-1.4716155
2023-05-08 12:49:00,-1.4883635
2023-05-08 12:50:00,-1.504709
2023-05-08 12:51:00,-1.505367
2023-05-08 12:52:00,-1.5244255
2023-05-08 12:53:00,-1.4751569999999998
2023-05-08 12:54:00,-1.4282325
2023-05-08 12:55:00,-1.456102
2023-05-08 12:56:00,-1.4840795
2023-05-08 12:57:00,-1.50113
2023-05-08 12:58:00,-1.5538955
2023-05-08 12:59:00,-1.5742665000000002
2023-05-08 13:00:00,-1.6300995
2023-05-08 13:01:00,-1.6535810000000002
2023-05-08 13:02:00,-1.6660270000000001
2023-05-08 13:03:00,-1.670194
2023-05-08 13:04:00,-1.674345
2023-05-08 13:05:00,-1.6898830000000002
2023-05-08 13:06:00,-1.7071310000000002
2023-05-08 13:07:00,-1.7116075000000002
2023-05-08 13:08:00,-1.7161155
2023-05-08 13:09:00,-1.7117509999999998
2023-05-08 13:10:00,-1.703449
2023-05-08 13:11:00,-1.714107
2023-05-08 13:12:00,-1.7059325
2023-05-08 13:13:00,-1.6911575
2023-05-08 13:14:00,-1.6810180000000001
2023-05-08 13:15:00,-1.6608319999999999
2023-05-08 13:16:00,-1.639634
2023-05-08 13:17:00,-1.6323314999999998
2023-05-08 13:18:00,-1.5847475
2023-05-08 13:19:00,-1.5785399999999998
2023-05-08 13:20:00,-1.537757
2023-05-08 13:21:00,-1.5215635
2023-05-08 13:22:00,-1.5576885
2023-05-08 13:23:00,-1.561446
2023-05-08 13:24:00,-1.5714209999999997
2023-05-08 13:25:00,-1.572594
2023-05-08 13:26:00,-1.5779215
2023-05-08 13:27:00,-1.57681
2023-05-08 13:28:00,-1.5712905
2023-05-08 13:29:00,-1.579736
2023-05-08 13:30:00,-1.619949
2023-05-08 13:31:00,-1.624711
2023-05-08 13:32:00,-1.6281515000000002
2023-05-08 13:33:00,-1.628453
2023-05-08 13:34:00,-1.6238685
2023-05-08 13:35:00,-1.6330319999999998
2023-05-08 13:36:00,-1.6421009999999998
2023-05-08 13:37:00,-1.647357
2023-05-08 13:38:00,-1.6736155
2023-05-08 13:39:00,-1.6664014999999999
2023-05-08 13:40:00,-1.6963169999999999
2023-05-08 13:41:00,-1.7005655
2023-05-08 13:42:00,-1.660405
2023-05-08 13:43:00,-1.6532514999999999
2023-05-08 13:44:00,-1.6472390000000001
2023-05-08 13:45:00,-1.6372615000000001
2023-05-08 13:46:00,-1.644212
2023-05-08 13:47:00,-1.651877
2023-05-08 13:48:00,-1.659245
2023-05-08 13:49:00,-1.6598965
2023-05-08 13:50:00,-1.6314034999999998
2023-05-08 13:51:00,-1.623915
2023-05-08 13:52:00,-1.6167874999999998
2023-05-08 13:53:00,-1.6167194999999999
2023-05-08 13:54:00,-1.6187109999999998
2023-05-08 13:55:00,-1.6168255
2023-05-08 13:56:00,-1.612727
2023-05-08 13:57:00,-1.6018445
2023-05-08 13:58:00,-1.5684879999999999
2023-05-08 13:59:00,-1.5721074999999998
2023-05-08 14:00:00,-1.5415094999999999
2023-05-08 14:01:00,-1.5403805
2023-05-08 14:02:00,-1.5373095
2023-05-08 14:03:00,-1.534246
2023-05-08 14:04:00,-1.568511
2023-05-08 14:05:00,-1.572631
2023-05-08 14:07:00,-1.5583595000000001
2023-05-08 14:08:00,-1.5578340000000002
2023-05-08 14:09:00,-1.5572205
2023-05-08 14:10:00,-1.532824
2023-05-08 14:11:00,-1.5083535
2023-05-08 14:12:00,-1.496151
2023-05-08 14:13:00,-1.4857605
2023-05-08 14:14:00,-1.4395727
2023-05-08 14:15:00,-1.39207775
2023-05-08 14:16:00,-1.33876535
2023-05-08 14:17:00,-1.28775605
2023-05-08 14:18:00,-1.2423499
2023-05-08 14:19:00,-1.2285093999999999
2023-05-08 14:20:00,-1.2126594
2023-05-08 14:21:00,-1.1974544
2023-05-08 14:22:00,-1.1854299000000001
2023-05-08 14:23:00,-1.1759838999999999
2023-05-08 14:24:00,-1.1661234
2023-05-08 14:25:00,-1.1137089
2023-05-08 14:26:00,-1.0598389499999998
2023-05-08 14:27:00,-1.0231072499999998
2023-05-08 14:28:00,-1.00359175
2023-05-08 14:29:00,-0.9855297499999999
2023-05-08 14:30:00,-0.9936127499999999
2023-05-08 14:31:00,-1.03157475
2023-05-08 14:32:00,-1.0655727499999998
2023-05-08 14:33:00,-1.1067717499999998
2023-05-08 14:34:00,-1.17903005
2023-05-08 14:35:00,-1.252452
2023-05-08 14:36:00,-1.3277413999999998
2023-05-08 14:37:00,-1.3967976999999998
2023-05-08 14:38:00,-1.47481485
2023-05-08 14:39:00,-1.49062885
2023-05-08 14:40:00,-1.5087798499999998
2023-05-08 14:41:00,-1.52259485
2023-05-08 14:42:00,-1.5216823499999999
2023-05-08 14:43:00,-1.4946307499999998
2023-05-08 14:44:00,-1.47563435
2023-05-08 14:45:00,-1.4867203500000001
2023-05-08 14:46:00,-1.5418233000000001
2023-05-08 14:47:00,-1.5768384999999998
2023-05-08 14:48:00,-1.5927604999999998
2023-05-08 14:49:00,-1.6311345000000002
2023-05-08 14:50:00,-1.6660440000000003
2023-05-08 14:51:00,-1.6661320000000002
2023-05-08 14:52:00,-1.6803990000000002
2023-05-08 14:53:00,-1.651562
2023-05-08 14:54:00,-1.6175369999999998
2023-05-08 14:55:00,-1.5843385
2023-05-08 14:56:00,-1.5420895000000001
2023-05-08 14:57:00,-1.506748
2023-05-08 14:58:00,-1.4612665000000002
2023-05-08 14:59:00,-1.4817274999999999
2023-05-08 15:00:00,-1.501305
2023-05-08 15:01:00,-1.502373
2023-05-08 15:02:00,-1.5129605
2023-05-08 15:03:00,-1.5545266
2023-05-08 15:04:00,-1.5785994999999997
2023-05-08 15:05:00,-1.5823935
2023-05-08 15:06:00,-1.5798444999999999
2023-05-08 15:07:00,-1.570526
2023-05-08 15:08:00,-1.567104
2023-05-08 15:09:00,-1.50526395
2023-05-08 15:10:00,-1.4450912
2023-05-08 15:11:00,-1.3895587
2023-05-08 15:12:00,-1.32017515
2023-05-08 15:13:00,-1.2844859999999998
2023-05-08 15:14:00,-1.2568178
2023-05-08 15:15:00,-1.2631242999999999
2023-05-08 15:16:00,-1.2855343
2023-05-08 15:17:00,-1.3141473000000001
2023-05-08 15:18:00,-1.3351102999999998
2023-05-08 15:19:00,-1.3233083
2023-05-08 15:20:00,-1.2997813
2023-05-08 15:21:00,-1.2989142999999999
2023-05-08 15:22:00,-1.2962048
2023-05-08 15:23:00,-1.2850837999999998
2023-05-08 15:24:00,-1.2937353
2023-05-08 15:25:00,-1.2569710500000002
2023-05-08 15:26:00,-1.2228492000000002
2023-05-08 15:27:00,-1.1925593
2023-05-08 15:28:00,-1.1551064999999998
2023-05-08 15:29:00,-1.1542329
2023-05-08 15:30:00,-1.18897065
2023-05-08 15:31:00,-1.22818615
2023-05-08 15:32:00,-1.2712707
2023-05-08 15:33:00,-1.31338785
2023-05-08 15:34:00,-1.35195355
2023-05-08 15:35:00,-1.3600135500000001
2023-05-08 15:36:00,-1.35708705
2023-05-08 15:37:00,-1.34833305
2023-05-08 15:38:00,-1.34131505
2023-05-08 15:39:00,-1.2999919500000001
2023-05-08 15:40:00,-1.26752205
2023-05-08 15:41:00,-1.23254465
2023-05-08 15:42:00,-1.2010331
2023-05-08 15:43:00,-1.1734146500000002
2023-05-08 15:44:00,-1.17453115
2023-05-08 15:45:00,-1.2140783999999998
2023-05-08 15:46:00,-1.2563532499999999
2023-05-08 15:47:00,-1.27824265
2023-05-08 15:48:00,-1.30260195
2023-05-08 15:49:00,-1.3255401
2023-05-08 15:50:00,-1.3130696
2023-05-08 15:51:00,-1.2914021
2023-05-08 15:52:00,-1.2706161
2023-05-08 15:53:00,-1.2094872
2023-05-08 15:54:00,-1.1493338
2023-05-08 15:55:00,-1.107769
2023-05-08 15:56:00,-1.05016435
2023-05-08 15:57:00,-1.56754585
2023-05-08 15:58:00,-2.11964085
2023-05-08 15:59:00,-2.70541595
2023-05-08 16:00:00,-3.2953083500000004
2023-05-08 16:01:00,-3.8860817500000002
2023-05-08 16:02:00,-4.4805463
2023-05-08 16:03:00,-5.0746062499999995
2023-05-08 16:04:00,-5.63306725
2023-05-08 16:05:00,-6.17518525
2023-05-08 16:06:00,-6.72628175
2023-05-08 16:07:00,-7.26323575
2023-05-08 16:08:00,-7.80178625
2023-05-08 16:09:00,-8.33997525
2023-05-08 16:10:00,-8.876635250000001
2023-05-08 16:11:00,-8.836687150000001
2023-05-08 16:12:00,-8.804135100000002
2023-05-08 16:13:00,-8.840339
2023-05-08 16:14:00,-8.8825454
2023-05-08 16:15:00,-8.9017202
2023-05-08 16:16:00,-8.94205285
2023-05-08 16:17:00,-8.405664849999999
2023-05-08 16:18:00,-7.801257750000001
2023-05-08 16:19:00,-7.1939659
2023-05-08 16:20:00,-6.5820283
2023-05-08 16:21:00,-5.96937365
2023-05-08 16:22:00,-5.3593649999999995
2023-05-08 16:23:00,-4.7475694
2023-05-08 16:24:00,-4.138165849999999
2023-05-08 16:25:00,-3.5427498500000003
2023-05-08 16:26:00,-2.93461965
2023-05-08 16:27:00,-2.36210545
2023-05-08 16:28:00,-1.78834375
2023-05-08 16:29:00,-1.52063725
2023-05-08 16:30:00,-1.2579532500000001
2023-05-08 16:31:00,-1.3821773499999999
2023-05-08 16:32:00,-1.7684389000000003
2023-05-08 16:33:00,-1.9556053999999998
2023-05-08 16:34:00,-2.7753569
2023-05-08 16:35:00,-3.3357114
2023-05-08 16:36:00,-3.3157900500000004
2023-05-08 16:37:00,-3.2957065
2023-05-08 16:38:00,-3.3160286500000002
2023-05-08 16:39:00,-3.6130414999999996
2023-05-08 16:40:00,-3.63175605
2023-05-08 16:41:00,-3.6500147999999997
2023-05-08 16:42:00,-3.6622131500000004
2023-05-08 16:43:00,-3.67047155
2023-05-08 16:44:00,-3.67733615
2023-05-08 16:45:00,-3.6836915
2023-05-08 16:46:00,-3.6911755
2023-05-08 16:47:00,-3.699207
2023-05-08 16:48:00,-3.7069608
2023-05-08 16:49:00,-3.4117470499999993
2023-05-08 16:50:00,-3.1124277
2023-05-08 16:51:00,-3.0078971
2023-05-08 16:52:00,-2.62921235
2023-05-08 16:53:00,-2.4218465499999997
2023-05-08 16:54:00,-1.575617
2023-05-08 16:55:00,-0.9880939000000001
2023-05-08 16:56:00,-0.9825397
2023-05-08 16:57:00,-0.9778016000000002
2023-05-08 16:58:00,-0.9713993000000001
2023-05-08 16:59:00,-0.6880863999999999
2023-05-08 17:00:00,-0.682605
2023-05-08 17:01:00,-0.67928505
2023-05-08 17:02:00,-0.6775519000000001
2023-05-08 17:03:00,-0.6801921999999999
2023-05-08 17:04:00,-0.6853815999999999
2023-05-08 17:05:00,-0.6913728499999999
2023-05-08 17:06:00,-0.69617195
2023-05-08 17:07:00,-0.70050255
2023-05-08 17:08:00,-0.7078652500000001
2023-05-08 17:09:00,-0.7134092
2023-05-08 17:10:00,-0.7189829
2023-05-08 17:11:00,-0.72432595
2023-05-08 17:12:00,-0.7301394
2023-05-08 17:13:00,-0.7379192
2023-05-08 17:14:00,-0.7484642499999999
2023-05-08 17:15:00,-0.78616335
2023-05-08 17:16:00,-0.8231153999999999
2023-05-08 17:17:00,-0.8581470499999999
2023-05-08 17:18:00,-0.8912152999999998
2023-05-08 17:19:00,-0.9244167
2023-05-08 17:20:00,-0.9579381499999999
2023-05-08 17:21:00,-0.9891724999999999
2023-05-08 17:22:00,-1.0197639500000002
2023-05-08 17:23:00,-1.0496243499999998
2023-05-08 17:24:00,-1.0645338999999998
2023-05-08 17:25:00,-1.0498926500000003
2023-05-08 17:26:00,-1.0356049500000002
2023-05-08 17:27:00,-1.02149505
2023-05-08 17:28:00,-1.0012335500000002
2023-05-08 17:29:00,-0.9813291499999999
2023-05-08 17:30:00,-0.9619697999999999
2023-05-08 17:31:00,-0.94240525
2023-05-08 17:32:00,-0.92259165
2023-05-08 17:33:00,-0.9013386999999999
2023-05-08 17:34:00,-0.8769270999999998
2023-05-08 17:35:00,-0.8249654000000001
2023-05-08 17:36:00,-0.77710735
2023-05-08 17:37:00,-0.7308403
2023-05-08 17:38:00,-0.68812075
2023-05-08 17:39:00,-0.6453457499999999
2023-05-08 17:40:00,-0.60232885
2023-05-08 17:41:00,-0.5600674999999999
2023-05-08 17:42:00,-0.5161527
2023-05-08 17:43:00,-0.4733367499999999
2023-05-08 17:44:00,-0.4487883
2023-05-08 17:45:00,-0.45202465000000003
2023-05-08 17:46:00,-0.45531094999999994
2023-05-08 17:47:00,-0.45776719999999993
2023-05-08 17:48:00,-0.46405274999999996
2023-05-08 17:49:00,-0.47022355
2023-05-08 17:51:00,-0.47572415
2023-05-08 17:52:00,-0.48178105000000004
2023-05-08 17:53:00,-0.48742530000000006
2023-05-08 17:54:00,-0.49373159999999994
2023-05-08 17:55:00,-0.49658369999999996
2023-05-08 17:56:00,-0.49910535
2023-05-08 17:57:00,-0.49779310000000004
2023-05-08 17:58:00,-0.49621460000000006
2023-05-08 17:59:00,-0.49917520000000004
2023-05-08 18:00:00,-0.5024578500000001
2023-05-08 18:01:00,-0.5053686
2023-05-08 18:02:00,-0.50860035
2023-05-08 18:03:00,-0.51143145
2023-05-08 18:04:00,-0.5147311999999999
2023-05-08 18:05:00,-0.5136877999999999
2023-05-08 18:06:00,-0.5453386
2023-05-08 18:07:00,-0.5800706
2023-05-08 18:08:00,-0.61515585
2023-05-08 18:09:00,-0.7040045
2023-05-08 18:10:00,-0.7938978999999999
2023-05-08 18:11:00,-0.9627332999999999
2023-05-08 18:12:00,-1.1310255000000002
2023-05-08 18:13:00,-1.28388765
2023-05-08 18:14:00,-1.4315553
2023-05-08 18:15:00,-1.5813323000000001
2023-05-08 18:16:00,-1.73065435
2023-05-08 18:17:00,-1.8036711500000002
2023-05-08 18:18:00,-1.9530631999999999
2023-05-08 18:19:00,-2.02557065
2023-05-08 18:20:00,-2.0589749999999998
2023-05-08 18:21:00,-2.0586338
2023-05-08 18:22:00,-2.0580887
2023-05-08 18:23:00,-2.0575079
2023-05-08 18:24:00,-2.0555995499999997
2023-05-08 18:25:00,-2.0535126
2023-05-08 18:26:00,-2.0198485
2023-05-08 18:27:00,-1.983081
2023-05-08 18:28:00,-1.9434385000000003
2023-05-08 18:29:00,-1.8496992999999997
2023-05-08 18:30:00,-1.74738215
2023-05-08 18:31:00,-1.5656853
2023-05-08 18:32:00,-1.38465185
2023-05-08 18:33:00,-1.2184419499999999
2023-05-08 18:34:00,-1.0570794000000001
2023-05-08 18:35:00,-0.8963208
2023-05-08 18:36:00,-0.73972575
2023-05-08 18:37:00,-0.88163725
2023-05-08 18:38:00,-0.9150092500000001
2023-05-08 18:39:00,-1.02714725
2023-05-08 18:40:00,-1.17813975
2023-05-08 18:41:00,-1.3855816
2023-05-08 18:42:00,-1.5928398000000001
2023-05-08 18:43:00,-1.8005757999999998
2023-05-08 18:44:00,-1.98745235
2023-05-08 18:45:00,-2.19834965
2023-05-08 18:46:00,-2.40864125
2023-05-08 18:47:00,-2.4035357
2023-05-08 18:48:00,-2.4072788499999995
2023-05-08 18:49:00,-2.4106413499999997
2023-05-08 18:50:00,-2.4207118999999997
2023-05-08 18:51:00,-2.43355405
2023-05-08 18:52:00,-2.44916565
2023-05-08 18:53:00,-2.46501835
2023-05-08 18:54:00,-2.6313669
2023-05-08 18:55:00,-2.7983425
2023-05-08 18:56:00,-2.9614460499999997
2023-05-08 18:57:00,-2.9019330500000007
2023-05-08 18:58:00,-2.89324255
2023-05-08 18:59:00,-2.8912675500000002
2023-05-08 19:00:00,-2.8909345500000003
2023-05-08 19:01:00,-2.86658655
2023-05-08 19:02:00,-2.89994755
2023-05-08 19:03:00,-2.9330615499999997
2023-05-08 19:04:00,-2.91169805
2023-05-08 19:05:00,-2.86730955
2023-05-08 19:06:00,-2.82276455
2023-05-08 19:07:00,-2.9935751
2023-05-08 19:08:00,-3.15729095
2023-05-08 19:09:00,-3.3218381500000005
2023-05-08 19:10:00,-3.33877885
2023-05-08 19:11:00,-3.3530228
2023-05-08 19:12:00,-3.3636163000000003
2023-05-08 19:13:00,-3.3758163499999996
2023-05-27 04:36:00,-3.2172254000000002
2023-05-27 04:37:00,-3.0585797
2023-05-27 04:38:00,-2.8994560000000003
2023-05-27 04:39:00,-2.8114945
2023-05-27 04:40:00,-2.631519
2023-05-27 04:41:00,-2.4456983500000002
2023-05-27 04:42:00,-2.2582090500000005
2023-05-27 04:43:00,-2.0696494
2023-05-27 04:44:00,-1.8241238499999999
2023-05-27 04:45:00,-1.5790638
2023-05-27 04:46:00,-1.4105900500000002
2023-05-27 04:47:00,-1.2405757499999999
2023-05-27 04:48:00,-1.0713671
2023-05-27 04:49:00,-0.9021711499999999
2023-05-27 04:50:00,-0.7348936
2023-05-27 04:51:00,-0.5660542000000001
2023-05-27 04:52:00,-0.54562965
2023-05-27 04:53:00,-0.5270650499999999
2023-05-27 04:54:00,-0.5116485500000001
2023-05-27 04:55:00,-0.4960158499999999
2023-05-27 04:56:00,-0.4999589
2023-05-27 04:57:00,-0.5038866
2023-05-27 04:58:00,-0.5086327
2023-05-27 04:59:00,-0.44286929999999997
2023-05-27 05:00:00,-0.4510532
2023-05-27 05:01:00,-0.4519031000000001
2023-05-27 05:02:00,-0.45274014999999995
2023-05-27 05:03:00,-0.4602212499999999
2023-05-27 05:04:00,-0.4665455
2023-05-27 05:05:00,-0.4723286
2023-05-27 05:06:00,-0.47788685000000003
2023-05-27 05:07:00,-0.48400095
2023-05-27 05:08:00,-0.49063379999999995
2023-05-27 05:09:00,-0.49764430000000004
2023-05-27 05:10:00,-0.50360125
2023-05-27 05:11:00,-0.5126128999999999
2023-05-27 05:12:00,-0.5198311999999999
2023-05-27 05:13:00,-0.5225385
2023-05-27 05:15:00,-0.5226143499999999
2023-05-27 05:16:00,-0.52179355
2023-05-27 05:17:00,-0.5220053
2023-05-27 05:18:00,-0.51708045
2023-05-27 05:19:00,-0.51282205
2023-05-27 05:20:00,-0.50791735
2023-05-27 05:21:00,-0.5028229499999999
2023-05-27 05:22:00,-0.4976681500000001
2023-05-27 05:23:00,-0.4930126
2023-05-27 05:24:00,-0.48372105
2023-05-27 05:25:00,-0.47226865000000007
2023-05-27 05:26:00,-0.4612701
2023-05-27 05:27:00,-0.45017295
2023-05-27 05:28:00,-0.43898774999999995
2023-05-27 05:29:00,-0.42860070000000006
2023-05-27 05:30:00,-0.4181187
2023-05-27 05:31:00,-0.40796535
2023-05-27 05:32:00,-0.3952316
2023-05-27 05:33:00,-0.3840242
2023-05-27 05:34:00,-0.3766279
2023-05-27 05:35:00,-0.3691518
2023-05-27 05:36:00,-0.3624946
2023-05-27 05:37:00,-0.3554932
2023-05-27 05:38:00,-0.35406115
2023-05-27 05:39:00,-0.35252675
2023-05-27 05:40:00,-0.3504413
2023-05-27 05:41:00,-0.34850395
2023-05-27 05:42:00,-0.35364150000000005
2023-05-27 05:43:00,-0.35899640000000005
2023-05-27 05:44:00,-0.436874
2023-05-27 05:45:00,-0.5174777
2023-05-27 05:46:00,-0.525783
2023-05-27 05:47:00,-0.5344563
2023-05-27 05:48:00,-0.5429693500000001
2023-05-27 05:49:00,-0.5503584499999999
2023-05-27 05:50:00,-0.5574546499999999
2023-05-27 05:51:00,-0.6363331
2023-05-27 05:52:00,-0.64351985
2023-05-27 05:53:00,-0.64796585
2023-05-27 05:54:00,-0.6526834499999999
2023-05-27 05:55:00,-0.6576173
2023-05-27 05:56:00,-0.66703135
2023-05-27 05:57:00,-0.6765834
2023-05-27 05:58:00,-0.6847925
2023-05-27 05:59:00,-0.6924948499999999
2023-05-27 06:00:00,-0.7005672000000001
2023-05-27 06:01:00,-0.7082708
2023-05-27 06:02:00,-0.70897125
2023-05-27 06:03:00,-0.7089885499999999
2023-05-27 06:04:00,-0.63798025
2023-05-27 06:05:00,-0.5670851
2023-05-27 06:06:00,-0.5674796
2023-05-27 06:07:00,-0.5675462500000001
2023-05-27 06:08:00,-0.56803745
2023-05-27 06:09:00,-0.56839675
2023-05-27 06:10:00,-0.56861685
2023-05-27 06:11:00,-0.49701525
2023-05-27 06:12:00,-0.49708225000000006
2023-05-27 06:13:00,-0.50021185
2023-05-27 06:14:00,-0.5744241
2023-05-27 06:15:00,-0.5828327000000001
2023-05-27 06:16:00,-0.5877389000000001
2023-05-27 06:17:00,-0.6631083999999999
2023-05-27 06:18:00,-0.667944
2023-05-27 06:19:00,-0.6730094
2023-05-27 06:20:00,-0.6787169
2023-05-27 06:21:00,-0.6847097
2023-05-27 06:22:00,-0.6904509000000001
2023-05-27 06:23:00,-0.69631345
2023-05-27 06:24:00,-0.7111731499999999
2023-05-27 06:25:00,-0.7131891
2023-05-27 06:26:00,-0.7127522000000001
2023-05-27 06:27:00,-0.7122067500000001
2023-05-27 06:28:00,-0.7116140499999999
2023-05-27 06:29:00,-0.777301
2023-05-27 06:30:00,-0.77191125
2023-05-27 06:31:00,-0.83786835
2023-05-27 06:32:00,-0.8331039499999999
2023-05-27 06:33:00,-0.8492183999999999
2023-05-27 06:34:00,-0.7719865000000001
2023-05-27 06:35:00,-0.7804367500000001
2023-05-27 06:36:00,-0.7677676999999999
2023-05-27 06:37:00,-0.7556337
2023-05-27 06:38:00,-0.7438695
2023-05-27 06:39:00,-0.74796905
2023-05-27 06:40:00,-0.75265535
2023-05-27 06:41:00,-0.7584342000000001
2023-05-27 06:42:00,-0.7658205
2023-05-27 06:43:00,-0.7737535
2023-05-27 06:44:00,-0.7709809
2023-05-27 06:45:00,-0.7791843
2023-05-27 06:46:00,-0.7953729500000001
2023-05-27 06:47:00,-0.81078985
2023-05-27 06:48:00,-0.8268443999999999
2023-05-27 06:49:00,-0.7858610000000001
2023-05-27 06:50:00,-0.8104084
2023-05-27 06:51:00,-0.7629807000000001
2023-05-27 06:52:00,-0.7870648
2023-05-27 06:53:00,-0.78919115
2023-05-27 06:54:00,-0.81680935
2023-05-27 06:55:00,-0.8243496499999999
2023-05-27 06:56:00,-0.8532127500000001
2023-05-27 06:57:00,-0.81067065
2023-05-27 06:58:00,-0.8374046500000001
2023-05-27 06:59:00,-0.84527215
2023-05-27 07:00:00,-0.85229095
2023-05-27 07:01:00,-0.87899455
2023-05-27 07:02:00,-0.9034916000000001
2023-05-27 07:03:00,-0.92781315
2023-05-27 07:04:00,-0.95139335
2023-05-27 07:05:00,-0.9751261499999998
2023-05-27 07:06:00,-0.9950526
2023-05-27 07:07:00,-1.0212023499999998
2023-05-27 07:08:00,-1.04635715
2023-05-27 07:09:00,-1.06184805
2023-05-27 07:10:00,-1.07913355
2023-05-27 07:11:00,-1.09726125
2023-05-27 07:12:00,-1.1142423000000001
2023-05-27 07:13:00,-1.13219895
2023-05-27 07:14:00,-1.14698615
2023-05-27 07:15:00,-1.18091475
2023-05-27 07:16:00,-1.2006143
2023-05-27 07:17:00,-1.2198724
2023-05-27 07:18:00,-1.2406803
2023-05-27 07:19:00,-1.2409954
2023-05-27 07:20:00,-1.2420140000000002
2023-05-27 07:21:00,-1.2345620000000002
2023-05-27 07:22:00,-1.2153295499999999
2023-05-27 07:23:00,-1.21604105
2023-05-27 07:24:00,-1.21538755
2023-05-27 07:25:00,-1.21668605
2023-05-27 07:26:00,-1.2170150499999999
2023-05-27 07:27:00,-1.22839355
2023-05-27 07:28:00,-1.22703305
2023-05-27 07:29:00,-1.23847255
2023-05-27 07:30:00,-1.23969705
2023-05-27 07:31:00,-1.23763355
2023-05-27 07:32:00,-1.23670855
2023-05-27 07:33:00,-1.2354185500000001
2023-05-27 07:34:00,-1.23387455
2023-05-27 07:35:00,-1.2012589
2023-05-27 07:36:00,-1.1768299
2023-05-27 07:37:00,-1.1556735
2023-05-27 07:38:00,-1.1313598999999999
2023-05-27 07:39:00,-1.1308577499999999
2023-05-27 07:40:00,-1.13051685
2023-05-27 07:41:00,-1.117222
2023-05-27 07:42:00,-1.1167695
2023-05-27 07:43:00,-1.0959115
2023-05-27 07:44:00,-1.075597
2023-05-27 07:45:00,-1.0527899
2023-05-27 07:46:00,-1.02901375
2023-05-27 07:47:00,-0.9909778499999999
2023-05-27 07:48:00,-0.9662226
2023-05-27 07:49:00,-0.9282798500000001
2023-05-27 07:50:00,-0.90494805
2023-05-27 07:51:00,-0.8855895
2023-05-27 07:52:00,-0.8653379999999999
2023-05-27 07:53:00,-0.8452591500000001
2023-05-27 07:54:00,-0.8284159
2023-05-27 07:55:00,-0.8233243500000001
2023-05-27 07:56:00,-0.8257310999999999
2023-05-27 07:57:00,-0.8210245000000002
2023-05-27 07:58:00,-0.8189549500000001
2023-05-27 07:59:00,-0.8161134
2023-05-27 08:00:00,-0.81485765
2023-05-27 08:01:00,-0.8124264000000001
2023-05-27 08:02:00,-0.8099890499999999
2023-05-27 08:03:00,-0.80811845
2023-05-27 08:04:00,-0.80862615
2023-05-27 08:05:00,-0.8075429000000001
2023-05-27 08:06:00,-0.80870105
2023-05-27 08:07:00,-0.80681515
2023-05-27 08:08:00,-0.8051462500000001
2023-05-27 08:09:00,-0.80348135
2023-05-27 08:10:00,-0.8015719
2023-05-27 08:11:00,-0.80706315
2023-05-27 08:12:00,-0.8054948000000001
2023-05-27 08:13:00,-0.8042944
2023-05-27 08:14:00,-0.7987992500000001
2023-05-27 08:15:00,-0.79740925
2023-05-27 08:16:00,-0.7924131500000001
2023-05-27 08:17:00,-0.7920919
2023-05-27 08:18:00,-0.8620235500000001
2023-05-27 08:19:00,-0.97969925
2023-05-27 08:20:00,-1.0928359
2023-05-27 08:21:00,-1.2069045
2023-05-27 08:22:00,-1.3207408
2023-05-27 08:23:00,-1.3607199
2023-05-27 08:24:00,-1.3989287
2023-05-27 08:25:00,-1.4548985499999998
2023-05-27 08:26:00,-1.4365907000000002
2023-05-27 08:27:00,-1.4194493
2023-05-27 08:28:00,-1.47521495
2023-05-27 08:29:00,-1.4585672
2023-05-27 08:30:00,-1.44518265
2023-05-27 08:31:00,-1.71075545
2023-05-27 08:32:00,-2.0513188
2023-05-27 08:33:00,-2.42600955
2023-05-27 08:34:00,-2.8033624500000003
2023-05-27 08:35:00,-3.18169365
2023-05-27 08:36:00,-3.5623679999999998
2023-05-27 08:37:00,-3.67033875
2023-05-27 08:38:00,-3.9781932499999995
2023-05-27 08:39:00,-4.19507175
2023-05-27 08:40:00,-4.13954425
2023-05-27 08:41:00,-4.33453575
2023-05-27 08:42:00,-4.528654250000001
2023-05-27 08:43:00,-4.52366525
2023-05-27 08:44:00,-4.51766325
2023-05-27 08:45:00,-4.785428249999999
2023-05-27 08:47:00,-5.1114186
2023-05-27 08:48:00,-5.1654478
2023-05-27 08:49:00,-5.145970299999999
2023-05-27 08:50:00,-5.4525852
2023-05-27 08:51:00,-5.4805725
2023-05-27 08:52:00,-5.2215895
2023-05-27 08:53:00,-4.996542
2023-05-27 08:54:00,-4.9107389999999995
2023-05-27 08:55:00,-4.573525
2023-05-27 08:56:00,-4.230795
2023-05-27 08:57:00,-3.8863095000000003
2023-05-27 08:58:00,-3.7926805
2023-05-27 08:59:00,-3.450125
2023-05-27 09:00:00,-3.1367795
2023-05-27 09:01:00,-3.1164965000000002
2023-05-27 09:02:00,-2.8473005
2023-05-27 09:03:00,-2.5818505
2023-05-27 09:04:00,-2.588375
2023-05-27 09:05:00,-2.5979315
2023-05-27 09:06:00,-2.2957835
2023-05-27 09:07:00,-2.012782
2023-05-27 09:08:00,-2.001355
2023-05-27 09:09:00,-1.989997
2023-05-27 09:10:00,-1.7257799999999999
2023-05-27 09:11:00,-1.7368854999999999
2023-05-27 09:12:00,-1.7449365
2023-05-27 09:13:00,-1.6319012
2023-05-27 09:14:00,-1.34439015
2023-05-27 09:15:00,-1.3094187
2023-05-27 09:16:00,-1.2746129000000002
2023-05-27 09:17:00,-1.2396307999999998
2023-05-27 09:18:00,-1.2449587999999998
2023-05-27 09:19:00,-1.2305633
2023-05-27 09:20:00,-1.2294323
2023-05-27 09:21:00,-1.2106453
2023-05-27 09:22:00,-1.1912403
2023-05-27 09:23:00,-1.1691368
2023-05-27 09:24:00,-1.1444893
2023-05-27 09:25:00,-1.1199748
2023-05-27 09:26:00,-1.1180877999999999
2023-05-27 09:27:00,-1.1096263000000002
2023-05-27 09:28:00,-1.1004483
2023-05-27 09:29:00,-1.0919513
2023-05-27 09:30:00,-1.0828273000000002
2023-05-27 09:31:00,-1.0744683
2023-05-27 09:32:00,-1.04904365
2023-05-27 09:33:00,-1.04334975
2023-05-27 09:34:00,-1.0428306
2023-05-27 09:35:00,-1.0382876
2023-05-27 09:36:00,-1.03447655
2023-05-27 09:37:00,-1.04880665
2023-05-27 09:38:00,-1.04635115
2023-05-27 09:39:00,-1.02845505
2023-05-27 09:40:00,-1.0119428000000001
2023-05-27 09:41:00,-0.99412625
2023-05-27 09:42:00,-0.9773485999999999
2023-05-27 09:43:00,-0.9599176
2023-05-27 09:44:00,-0.9233653500000001
2023-05-27 09:45:00,-0.8831423499999999
2023-05-27 09:46:00,-0.84428755
2023-05-27 09:47:00,-0.80765745
2023-05-27 09:48:00,-0.7714660000000001
2023-05-27 09:49:00,-0.73447865
2023-05-27 09:50:00,-0.6980402
2023-05-27 09:51:00,-0.6612359
2023-05-27 09:52:00,-0.6446297999999999
2023-05-27 09:53:00,-0.62824325
2023-05-27 09:54:00,-0.6100464
2023-05-27 09:55:00,-0.59360515
2023-05-27 09:56:00,-0.57786165
2023-05-27 09:57:00,-0.5441703
2023-05-27 09:58:00,-0.5085164
2023-05-27 09:59:00,-0.48748675
2023-05-27 10:00:00,-0.4662757500000001
2023-05-27 10:01:00,-0.4456229
2023-05-27 10:02:00,-0.42396835
2023-05-27 10:03:00,-0.4021223
2023-05-27 10:04:00,-0.40269155
2023-05-27 10:05:00,-0.4133555
2023-05-27 10:06:00,-0.42714129999999995
2023-05-27 10:07:00,-0.44067714999999996
2023-05-27 10:08:00,-0.4537703
2023-05-27 10:09:00,-0.46689664999999997
2023-05-27 10:10:00,-0.47999295000000003
2023-05-27 10:11:00,-0.4924411
2023-05-27 10:12:00,-0.5054474999999999
2023-05-27 10:13:00,-0.51837395
2023-05-27 10:14:00,-0.5278869
2023-05-27 10:15:00,-0.5399323999999999
2023-05-27 10:16:00,-0.54822105
2023-05-27 10:17:00,-0.5564491
2023-05-27 10:18:00,-0.5650931499999999
2023-05-27 10:19:00,-0.56894095
2023-05-27 10:20:00,-0.572521
2023-05-27 10:21:00,-0.5763534000000001
2023-05-27 10:22:00,-0.5795874999999999
2023-05-27 10:23:00,-0.5835425
2023-05-27 10:24:00,-0.58422465
2023-05-27 10:25:00,-0.5780831000000001
2023-05-27 10:26:00,-0.5688779500000001
2023-05-27 10:27:00,-0.5600286
2023-05-27 10:28:00,-0.551801
2023-05-27 10:29:00,-0.54409595
2023-05-27 10:30:00,-0.5366126
2023-05-27 10:31:00,-0.52902295
2023-05-27 10:32:00,-0.520568
2023-05-27 10:33:00,-0.51776435
2023-05-27 10:34:00,-0.515734
2023-05-27 10:35:00,-0.5102303
2023-05-27 10:36:00,-0.50795855
2023-05-27 10:37:00,-0.5050779000000001
2023-05-27 10:38:00,-0.5020763
2023-05-27 10:39:00,-0.50418435
2023-05-27 10:40:00,-0.50628355
2023-05-27 10:41:00,-0.50819965
2023-05-27 10:42:00,-0.5104856
2023-05-27 10:43:00,-0.5123203
2023-05-27 10:44:00,-0.51771015
2023-05-27 10:45:00,-0.5339959
2023-05-27 10:46:00,-0.5397005999999999
2023-05-27 10:47:00,-0.5455596500000001
2023-05-27 10:48:00,-0.5511207
2023-05-27 10:49:00,-0.5563886500000002
2023-05-27 10:50:00,-0.5613297
2023-05-27 10:51:00,-0.56665185
2023-05-27 10:52:00,-0.57172485
2023-05-27 10:53:00,-0.5711990499999999
2023-05-27 10:54:00,-0.5741226500000001
2023-05-27 10:55:00,-0.5772822
2023-05-27 10:56:00,-0.57698625
2023-05-27 10:57:00,-0.5770050999999999
2023-05-27 10:58:00,-0.5764190000000001
2023-05-27 10:59:00,-0.5705422
2023-05-27 11:00:00,-0.56513125
2023-05-27 11:01:00,-0.56009275
2023-05-27 11:02:00,-0.55474405
2023-05-27 11:03:00,-0.5491751500000001
2023-05-27 11:04:00,-0.5433628000000001
2023-05-27 11:05:00,-0.52727135
2023-05-27 11:06:00,-0.52116775
2023-05-27 11:07:00,-0.5152056
2023-05-27 11:08:00,-0.5093744
2023-05-27 11:09:00,-0.5005772
2023-05-27 11:10:00,-0.49249059999999995
2023-05-27 11:11:00,-0.48525675
2023-05-27 11:12:00,-0.47778205000000007
2023-05-27 11:13:00,-0.47067480000000006
2023-05-27 11:14:00,-0.4591887
2023-05-27 11:15:00,-0.4510535
2023-05-27 11:16:00,-0.44575275
2023-05-27 11:17:00,-0.4405427500000001
2023-05-27 11:18:00,-0.4358918
2023-05-27 11:19:00,-0.4399246
2023-05-27 11:20:00,-0.44356035000000005
2023-05-27 11:21:00,-0.44676115
2023-05-27 11:22:00,-0.44998135
2023-05-27 11:23:00,-0.45448085000000005
2023-05-27 11:24:00,-0.458838
2023-05-27 11:25:00,-0.46197664999999993
2023-05-27 11:26:00,-0.46608854999999993
2023-05-27 11:27:00,-0.47008320000000003
2023-05-27 11:28:00,-0.47377924999999993
2023-05-27 11:29:00,-0.4806097
2023-05-27 11:30:00,-0.48375380000000007
2023-05-27 11:31:00,-0.48563195
2023-05-27 11:32:00,-0.48878384999999996
2023-05-27 11:33:00,-0.49110000000000004
2023-05-27 11:34:00,-0.4946571
2023-05-27 11:35:00,-0.49478150000000004
2023-05-27 11:36:00,-0.50157935
2023-05-27 11:37:00,-0.5094415
2023-05-27 11:38:00,-0.5174337
2023-05-27 11:39:00,-0.5238019
2023-05-27 11:40:00,-0.5306695499999999
2023-05-27 11:41:00,-0.5375665000000001
2023-05-27 11:42:00,-0.543591
2023-05-27 11:43:00,-0.54906815
2023-05-27 11:44:00,-0.5521953
2023-05-27 11:45:00,-0.5558518000000001
2023-05-27 11:46:00,-0.5593400000000001
2023-05-27 11:47:00,-0.5634284
2023-05-27 11:48:00,-0.5672038500000001
2023-05-27 11:49:00,-0.5703703
2023-05-27 11:50:00,-0.5802996500000001
2023-05-27 11:51:00,-0.59100045
2023-05-27 11:52:00,-0.6009854
2023-05-27 11:53:00,-0.60779365
2023-05-27 11:54:00,-0.6136305
2023-05-27 11:55:00,-0.6199696
2023-05-27 11:56:00,-0.62004575
2023-05-27 11:57:00,-0.6185113999999999
2023-05-27 11:58:00,-0.61639015
2023-05-27 12:00:00,-0.6133565999999999
2023-05-27 12:01:00,-0.60814515
2023-05-27 12:02:00,-0.5986719
2023-05-27 12:03:00,-0.59061285
2023-05-27 12:04:00,-0.58249955
2023-05-27 12:05:00,-0.57577865
2023-05-27 12:06:00,-0.56493575
2023-05-27 12:07:00,-0.55469275
2023-05-27 12:08:00,-0.5439177999999999
2023-05-27 12:09:00,-0.53363085
2023-05-27 12:10:00,-0.52307285
2023-05-27 12:11:00,-0.5099487
2023-05-27 12:12:00,-0.54019475
2023-05-27 12:13:00,-0.5703994
2023-05-27 12:14:00,-0.6034660000000001
2023-05-27 12:15:00,-0.5957032
2023-05-27 12:16:00,-0.5881111
2023-05-27 12:17:00,-0.5784226
2023-05-27 12:18:00,-0.5668084999999999
2023-05-27 12:19:00,-0.5553536
2023-05-27 12:20:00,-0.5431454000000001
2023-05-27 12:21:00,-0.53351225
2023-05-27 12:22:00,-0.5277554
2023-05-27 12:23:00,-0.5222344499999999
2023-05-27 12:24:00,-0.5200308
2023-05-27 12:25:00,-0.5263838
2023-05-27 12:26:00,-0.5360525
2023-05-27 12:27:00,-0.5444837
2023-05-27 12:28:00,-0.5528770999999999
2023-05-27 12:29:00,-0.56149865
2023-05-27 12:30:00,-0.5680432
2023-05-27 12:31:00,-0.5733682
2023-05-27 12:32:00,-0.5346916
2023-05-27 12:33:00,-0.5014679
2023-05-27 12:34:00,-0.4693445
2023-05-27 12:35:00,-0.47549885
2023-05-27 12:36:00,-0.48120525
2023-05-27 12:37:00,-0.48843034999999996
2023-05-27 12:38:00,-0.49798995
2023-05-27 12:39:00,-0.50495705
2023-05-27 12:40:00,-0.51045825
2023-05-27 12:41:00,-0.5156898
2023-05-27 12:42:00,-0.521294
2023-05-27 12:43:00,-0.5267916500000001
2023-05-27 12:44:00,-0.5290097
2023-05-27 12:45:00,-0.52388215
2023-05-27 12:46:00,-0.5193862
2023-05-27 12:47:00,-0.51538395
2023-05-27 12:48:00,-0.5110823999999999
2023-05-27 12:49:00,-0.5070167
2023-05-27 12:50:00,-0.50554345
2023-05-27 12:51:00,-0.50459675
2023-05-27 12:52:00,-0.5033337
2023-05-27 12:53:00,-0.49610630000000006
2023-05-27 12:54:00,-0.48827679999999996
2023-05-27 12:55:00,-0.48368124999999995
2023-05-27 12:56:00,-0.4786903
2023-05-27 12:57:00,-0.47424025000000003
2023-05-27 12:58:00,-0.47357415
2023-05-27 12:59:00,-0.47498840000000003
2023-05-27 13:00:00,-0.4817535
2023-05-27 13:01:00,-0.48729734999999996
2023-05-27 13:02:00,-0.48812345000000007
2023-05-27 13:03:00,-0.4889252500000001
2023-05-27 13:04:00,-0.48895169999999993
2023-05-27 13:05:00,-0.48905055000000003
2023-05-27 13:06:00,-0.4894567
2023-05-27 13:07:00,-0.48964414999999994
2023-05-27 13:08:00,-0.48702825
2023-05-27 13:09:00,-0.4873523
2023-05-27 13:10:00,-0.48782130000000007
2023-05-27 13:11:00,-0.48793175
2023-05-27 13:12:00,-0.48811859999999996
2023-05-27 13:13:00,-0.4884696
2023-05-27 13:14:00,-0.48891670000000004
2023-05-27 13:15:00,-0.48646750000000005
2023-05-27 13:16:00,-0.48432084999999997
2023-05-27 13:17:00,-0.4824691
2023-05-27 13:18:00,-0.47671269999999993
2023-05-27 13:19:00,-0.47148190000000006
2023-05-27 13:20:00,-0.46230354999999995
2023-05-27 13:21:00,-0.45421760000000005
2023-05-27 13:22:00,-0.45106584999999993
2023-05-27 13:23:00,-0.4476415
2023-05-27 13:24:00,-0.44161049999999996
2023-05-27 13:25:00,-0.435391
2023-05-27 13:26:00,-0.42933459999999996
2023-05-27 13:27:00,-0.42315479999999994
2023-05-27 13:28:00,-0.42005640000000005
2023-05-27 13:29:00,-0.4138849
2023-05-27 13:30:00,-0.40810675
2023-05-27 13:31:00,-0.40652795
2023-05-27 13:32:00,-0.40403515
2023-05-27 13:33:00,-0.4014225
2023-05-27 13:34:00,-0.3987413
2023-05-27 13:35:00,-0.39895915000000004
2023-05-27 13:36:00,-0.39900355000000004
2023-05-27 13:37:00,-0.39870335
2023-05-27 13:38:00,-0.39901255
2023-05-27 13:39:00,-0.39916035
2023-05-27 13:40:00,-0.40607004999999996
2023-05-27 13:41:00,-0.4118964
2023-05-27 13:42:00,-0.4147123
2023-05-27 13:43:00,-0.4168923
2023-05-27 13:44:00,-0.4226482
2023-05-27 13:45:00,-0.43141195
2023-05-27 13:46:00,-0.4397318
2023-05-27 13:47:00,-0.44844155
2023-05-27 13:48:00,-0.45677599999999996
2023-05-27 13:49:00,-0.4648986
2023-05-27 13:50:00,-0.47339129999999996
2023-05-27 13:51:00,-0.476486
2023-05-27 13:52:00,-0.48108509999999993
2023-05-27 13:53:00,-0.48748215
2023-05-27 13:54:00,-0.49573525
2023-05-27 13:55:00,-0.49921759999999993
2023-05-27 13:56:00,-0.50283475
2023-05-27 13:57:00,-0.50673605
2023-05-27 13:58:00,-0.51015915
2023-05-27 13:59:00,-0.51111805
2023-05-27 14:00:00,-0.5053463499999999
2023-05-27 14:01:00,-0.49973379999999995
2023-05-27 14:02:00,-0.4977210999999999
2023-05-27 14:03:00,-0.49628300000000003
2023-05-27 14:04:00,-0.4982835
2023-05-27 14:05:00,-0.4973280500000001
2023-05-27 14:06:00,-0.49669984999999994
2023-05-27 14:07:00,-0.4952571
2023-05-27 14:08:00,-0.491076
2023-05-27 14:09:00,-0.4920389
2023-05-27 14:10:00,-0.49190704999999996
2023-05-27 14:11:00,-0.49349124999999994
2023-05-27 14:12:00,-0.49410344999999994
2023-05-27 14:13:00,-0.4932916
2023-05-27 14:14:00,-0.4908001
2023-05-27 14:15:00,-0.49034085000000005
2023-05-27 14:16:00,-0.48960639999999994
2023-05-27 14:17:00,-0.4888756999999999
2023-05-27 14:18:00,-0.48847120000000005
2023-05-27 14:19:00,-0.49067625
2023-05-27 14:20:00,-0.49254259999999994
2023-05-27 14:21:00,-0.49496135
2023-05-27 14:22:00,-0.496273
2023-05-27 14:23:00,-0.4980874
2023-05-27 14:24:00,-0.49572235
2023-05-27 14:25:00,-0.5240807
2023-05-27 14:26:00,-0.52150135
2023-05-27 14:27:00,-0.5199047499999999
2023-05-27 14:28:00,-0.52101315
2023-05-27 14:29:00,-0.5181839
2023-05-27 14:30:00,-0.5182335
2023-05-27 14:31:00,-0.5175392
2023-05-27 14:32:00,-0.5114110000000001
2023-05-27 14:33:00,-0.50554405
2023-05-27 14:34:00,-0.5005091500000001
2023-05-27 14:35:00,-0.4982605
2023-05-27 14:36:00,-0.4966173
2023-05-27 14:37:00,-0.4946546500000001
2023-05-27 14:38:00,-0.4998482
2023-05-27 14:39:00,-0.5059649
2023-05-27 14:40:00,-0.51227615
2023-05-27 14:41:00,-0.5180995500000001
2023-05-27 14:42:00,-0.5230395499999999
2023-05-27 14:43:00,-0.5279764
2023-05-27 14:44:00,-0.530327
2023-05-27 14:45:00,-0.5022246
2023-05-27 14:46:00,-0.5043119
2023-05-27 14:47:00,-0.5063027
2023-05-27 14:48:00,-0.506973
2023-05-27 14:49:00,-0.5052047
2023-05-27 14:50:00,-0.50148185
2023-05-27 14:51:00,-0.49823395
2023-05-27 14:52:00,-0.5014135499999999
2023-05-27 14:53:00,-0.50722575
2023-05-27 14:54:00,-0.50896385
2023-05-27 14:55:00,-0.5085706
2023-05-27 14:56:00,-0.5081814
2023-05-27 14:57:00,-0.5080769999999999
2023-05-27 14:58:00,-0.500445
2023-05-27 14:59:00,-0.49232105000000004
2023-05-27 15:00:00,-0.4831166499999999
2023-05-27 15:01:00,-0.47460569999999996
2023-05-27 15:02:00,-0.46760470000000004
2023-05-27 15:03:00,-0.46071265000000006
2023-05-27 15:04:00,-0.45590385
2023-05-27 15:05:00,-0.45105405000000004
2023-05-27 15:06:00,-0.44705585000000003
2023-05-27 15:07:00,-0.44195455000000006
2023-05-27 15:08:00,-0.43968665
2023-05-27 15:09:00,-0.43858095
2023-05-27 15:10:00,-0.44639544999999997
2023-05-27 15:11:00,-0.44832605000000003
2023-05-27 15:12:00,-0.44873040000000003
2023-05-27 15:13:00,-0.44660305
2023-05-27 15:14:00,-0.45117969999999996
2023-05-27 15:15:00,-0.45780334999999994
2023-05-27 15:16:00,-0.46418940000000003
2023-05-27 15:17:00,-0.46941265000000004
2023-05-27 15:18:00,-0.47568165
2023-05-27 15:19:00,-0.48110485
2023-05-27 15:20:00,-0.48761760000000004
2023-05-27 15:21:00,-0.4936829
2023-05-27 15:22:00,-0.4959165
2023-05-27 15:23:00,-0.5010761499999999
2023-05-27 15:24:00,-0.50706855
2023-05-27 15:25:00,-0.5130656499999999
2023-05-27 15:26:00,-0.51799705
2023-05-27 15:27:00,-0.5247913
2023-05-27 15:28:00,-0.5301346499999999
2023-05-27 15:29:00,-0.5332403499999999
2023-05-27 15:30:00,-0.5263031
2023-05-27 15:31:00,-0.5248653999999999
2023-05-27 15:32:00,-0.5250692
2023-05-27 15:34:00,-0.5246216499999999
2023-05-27 15:35:00,-0.5207355499999999
2023-05-27 15:36:00,-0.5167750999999999
2023-05-27 15:37:00,-0.5131742
2023-05-27 15:38:00,-0.5103989499999999
2023-05-27 15:39:00,-0.5038371
2023-05-27 15:40:00,-0.49674844999999995
2023-05-27 15:41:00,-0.4895890499999999
2023-05-27 15:42:00,-0.4831326
2023-05-27 15:43:00,-0.4807776
2023-05-27 15:44:00,-0.47426080000000004
2023-05-27 15:45:00,-0.47149415
2023-05-27 15:46:00,-0.46773405
2023-05-27 15:47:00,-0.46523400000000004
2023-05-27 15:48:00,-0.4616506000000001
2023-05-27 15:49:00,-0.45866635000000006
2023-05-27 15:50:00,-0.45747985
2023-05-27 15:51:00,-0.45739219999999997
2023-05-27 15:52:00,-0.45816265000000006
2023-05-27 15:53:00,-0.4582262
2023-05-27 15:54:00,-0.45845755
2023-05-27 15:55:00,-0.4582780000000001
2023-05-27 15:56:00,-0.4553583500000001
2023-05-27 15:57:00,-0.4520649
2023-05-27 15:58:00,-0.4488012500000001
2023-05-27 15:59:00,-0.44864695
2023-05-27 16:00:00,-0.45231774999999996
2023-05-27 16:01:00,-0.46756225000000007
2023-05-27 16:02:00,-0.48674725
2023-05-27 16:03:00,-0.50626295
2023-05-27 16:04:00,-0.5272697500000001
2023-05-27 16:05:00,-0.5460417
2023-05-27 16:06:00,-0.56543605
2023-05-27 16:07:00,-0.5842259000000001
2023-05-27 16:08:00,-0.60331475
2023-05-27 16:09:00,-0.6259933
2023-05-27 16:10:00,-0.6492689500000001
2023-05-27 16:11:00,-0.67174135
2023-05-27 16:12:00,-0.6931467
2023-05-27 16:13:00,-0.7147145
2023-05-27 16:14:00,-0.73700675
2023-05-27 16:15:00,-0.7564383
2023-05-27 16:16:00,-0.7788527499999999
2023-05-27 16:17:00,-0.8009797999999999
2023-05-27 16:18:00,-0.83798045
2023-05-27 16:19:00,-0.8641514
2023-05-27 16:20:00,-0.8868519
2023-05-27 16:21:00,-0.8980590500000001
2023-05-27 16:22:00,-0.9040139500000002
2023-05-27 16:23:00,-0.9060254000000001
2023-05-27 16:24:00,-0.908049
2023-05-27 16:25:00,-0.9089490000000002
2023-05-27 16:26:00,-0.9094877
2023-05-27 16:27:00,-0.9099927
2023-05-27 16:28:00,-0.9101662
2023-05-27 16:29:00,-0.90351695
2023-05-27 16:30:00,-0.8973910000000002
2023-05-27 16:31:00,-0.8706692
2023-05-27 16:32:00,-0.8442068999999999
2023-05-27 16:33:00,-0.8179409
2023-05-27 16:34:00,-0.7914200499999999
2023-05-27 16:35:00,-0.76816005
2023-05-27 16:36:00,-0.74513355
2023-05-27 16:37:00,-1.30225695
2023-05-27 16:38:00,-1.8477434499999998
2023-05-27 16:39:00,-2.4030471
2023-05-27 16:40:00,-2.9566441500000002
2023-05-27 16:41:00,-3.51073295
2023-05-27 16:42:00,-4.0647609
2023-05-27 16:43:00,-4.6239740000000005
2023-05-27 16:44:00,-5.180414200000001
2023-05-27 16:45:00,-5.7394029
2023-05-27 16:46:00,-6.30125605
2023-05-27 16:47:00,-6.8602215
2023-05-27 16:48:00,-7.41725475
2023-05-27 16:49:00,-7.97657675
2023-05-27 16:50:00,-8.5329387
2023-05-27 16:51:00,-8.5332009
2023-05-27 16:52:00,-8.53725295
2023-05-27 16:53:00,-8.544146
2023-05-27 16:54:00,-8.5505092
2023-05-27 16:55:00,-8.55662075
2023-05-27 16:56:00,-8.562503800000002
2023-05-27 16:57:00,-7.9888604
2023-05-27 16:58:00,-7.4117238500000004
2023-05-27 16:59:00,-6.835791650000001
2023-05-27 17:00:00,-6.2588415500000005
2023-05-27 17:01:00,-5.6882340000000005
2023-05-27 17:02:00,-5.117576650000001
2023-05-27 17:03:00,-4.54247705
2023-05-27 17:04:00,-3.9692874
2023-05-27 17:05:00,-3.3932318
2023-05-27 17:06:00,-2.8146154500000002
2023-05-27 17:07:00,-2.23838685
2023-05-27 17:08:00,-1.6598941500000002
2023-05-27 17:09:00,-1.0825323
2023-05-27 17:10:00,-0.507432
2023-05-27 17:11:00,-0.51040205
2023-05-27 17:12:00,-0.5101770499999999
2023-05-27 17:13:00,-0.5074824
2023-05-27 17:14:00,-0.5053193500000001
2023-05-27 17:15:00,-0.5029191000000001
2023-05-27 17:16:00,-0.5000305
2023-05-27 17:17:00,-0.4961716500000001
2023-05-27 17:18:00,-0.48726845
2023-05-27 17:19:00,-0.47846960000000005
2023-05-27 17:20:00,-0.47294505
2023-05-27 17:21:00,-0.46052315
2023-05-27 17:22:00,-0.44560459999999996
2023-05-27 17:23:00,-0.43319094999999996
2023-05-27 17:24:00,-0.4204626
2023-05-27 17:25:00,-0.41158785
2023-05-27 17:26:00,-0.40220344999999996
2023-05-27 17:27:00,-0.39363299999999996
2023-05-27 17:28:00,-0.38919315
2023-05-27 17:29:00,-0.38448944999999995
2023-05-27 17:30:00,-0.38229805
2023-05-27 17:31:00,-0.37904315000000005
2023-05-27 17:32:00,-0.37584749999999995
2023-05-27 17:33:00,-0.3776145
2023-05-27 17:34:00,-0.3792165
2023-05-27 17:35:00,-0.38096755000000004
2023-05-27 17:36:00,-0.7655682500000001
2023-05-27 17:37:00,-1.3417205
2023-05-27 17:38:00,-1.3496997000000002
2023-05-27 17:39:00,-1.3572702
2023-05-27 17:40:00,-1.3647855000000002
2023-05-27 17:41:00,-1.4015239500000003
2023-05-27 17:42:00,-1.4422298500000001
2023-05-27 17:43:00,-1.4826961
2023-05-27 17:44:00,-1.5203596000000001
2023-05-27 17:45:00,-1.5545129500000001
2023-05-27 17:46:00,-1.6423516999999999
2023-05-27 17:47:00,-1.8097627500000004
2023-05-27 17:48:00,-1.9773208
2023-05-27 17:49:00,-2.1450363500000003
2023-05-27 17:50:00,-2.28101655
2023-05-27 17:51:00,-2.41649515
2023-05-27 17:52:00,-2.55141595
2023-05-27 17:53:00,-2.65293845
2023-05-27 17:54:00,-2.75449725
2023-05-27 17:55:00,-2.8565775500000004
2023-05-27 17:56:00,-2.5717390499999997
2023-05-27 17:57:00,-2.15945555
2023-05-27 17:58:00,-2.3328105999999997
2023-05-27 17:59:00,-2.45366915
2023-05-27 18:00:00,-2.5438020000000003
2023-05-27 18:01:00,-2.545912
2023-05-27 18:02:00,-2.5402361499999997
2023-05-27 18:03:00,-2.5346985
2023-05-27 18:04:00,-2.5327601000000004
2023-05-27 18:05:00,-2.5301828
2023-05-27 18:06:00,-2.4749224
2023-05-27 18:07:00,-2.3403134
2023-05-27 18:08:00,-2.2021985
2023-05-27 18:09:00,-2.063448
2023-05-27 18:10:00,-1.9543864000000002
2023-05-27 18:11:00,-1.8459335000000003
2023-05-27 18:12:00,-1.7372004
2023-05-27 18:13:00,-1.6563722500000004
2023-05-27 18:14:00,-1.5784638500000001
2023-05-27 18:15:00,-1.4996416000000001
2023-05-27 18:16:00,-1.4252467500000003
2023-05-27 18:17:00,-1.2873558500000002
2023-05-27 18:18:00,-1.13718095
2023-05-27 18:19:00,-1.03942375
2023-05-27 18:20:00,-0.9726782
2023-05-27 18:21:00,-0.9648079000000002
2023-05-27 18:22:00,-0.9639633
2023-05-27 18:23:00,-0.9663399500000002
2023-05-27 18:24:00,-0.9686498500000001
2023-05-27 18:25:00,-0.9711711499999999
2023-05-27 18:26:00,-0.9732650500000002
2023-05-27 18:27:00,-0.9749440500000001
2023-05-27 18:28:00,-0.9798989500000002
2023-05-27 18:29:00,-0.9824777
2023-05-27 18:30:00,-0.9843545
2023-05-27 18:31:00,-0.9861438
2023-05-27 18:32:00,-0.9880691
2023-05-27 18:33:00,-0.9899581000000002
2023-05-27 18:34:00,-0.98877795
2023-05-27 18:35:00,-0.9886167500000002
2023-05-27 18:36:00,-0.9883407000000001
2023-05-27 18:37:00,-0.98495015
2023-05-27 18:38:00,-0.9813462000000002
2023-05-27 18:39:00,-1.0555234
2023-05-27 18:40:00,-1.1289609500000002
2023-05-27 18:41:00,-1.12489105
2023-05-27 18:42:00,-1.1246158
2023-05-27 18:43:00,-1.12118315
2023-05-27 18:44:00,-1.1170327
2023-05-27 18:45:00,-1.11255975
2023-05-27 18:46:00,-1.10846855
2023-05-27 18:47:00,-1.1042682
2023-05-27 18:48:00,-1.1003360500000001
2023-05-27 18:49:00,-1.0995728000000002
2023-05-27 18:50:00,-1.09932675
2023-05-27 18:51:00,-1.09897775
2023-05-27 18:52:00,-1.0986056499999999
2023-05-27 18:53:00,-1.0930405500000002
2023-05-27 18:54:00,-1.08762495
2023-05-27 18:55:00,-1.078697
2023-05-27 18:56:00,-1.0700319000000003
2023-05-27 18:57:00,-1.06445455
2023-05-27 18:58:00,-1.0589427
2023-05-27 18:59:00,-0.9786819500000001
2023-05-27 19:00:00,-0.8991212000000002
2023-05-27 19:01:00,-0.8971232
2023-05-27 19:02:00,-0.8917284500000002
2023-05-27 19:03:00,-0.8861807500000001
2023-05-27 19:04:00,-0.8809168999999999
2023-05-27 19:05:00,-0.87592055
2023-05-27 19:06:00,-0.8706554
2023-05-27 19:07:00,-0.8748352500000001
2023-05-27 19:08:00,-0.8786029000000001
2023-05-27 19:09:00,-0.8809074000000002
2023-05-27 19:10:00,-0.8837437499999999
2023-05-27 19:11:00,-0.8867323500000002
2023-05-27 19:13:00,-0.8897357500000002
2023-05-27 19:14:00,-0.897853
2023-05-27 19:15:00,-0.9028423
2023-05-27 19:16:00,-0.9106223
2023-05-27 19:17:00,-0.9222872999999999
2023-05-27 19:18:00,-0.9339181000000001
2023-05-27 19:19:00,-0.9453323000000002
2023-05-27 19:20:00,-0.9536085500000001
2023-05-27 19:21:00,-0.9619613000000001
2023-05-27 19:22:00,-0.9698825000000001
2023-05-27 19:23:00,-0.9741133000000002
2023-05-27 19:24:00,-0.97879205
2023-05-27 19:25:00,-0.98361145
2023-05-27 19:26:00,-0.9884399500000002
2023-05-27 19:27:00,-0.9932772500000001
2023-05-27 19:28:00,-0.9881351
2023-05-27 19:29:00,-0.9808375
2023-05-27 19:30:00,-0.9745247500000002
2023-05-27 19:31:00,-0.9676826000000001
2023-05-27 19:32:00,-0.9601145
2023-05-27 19:33:00,-0.9534958000000002
2023-05-27 19:34:00,-0.9417479
2023-05-27 19:35:00,-0.9329849
2023-05-27 19:36:00,-0.924345
2023-05-27 19:37:00,-0.91198495
2023-05-27 19:38:00,-0.8995806
2023-05-27 19:39:00,-0.88786975
2023-05-27 19:40:00,-0.8762474000000002
2023-05-27 19:41:00,-0.86445175
2023-05-27 19:42:00,-0.85275005
2023-05-27 19:43:00,-0.8447330000000002
2023-05-27 19:44:00,-0.8363951500000001
2023-05-27 19:45:00,-0.8316667500000001
2023-05-27 19:46:00,-0.8261830000000002
2023-05-27 19:47:00,-0.8206316
2023-05-27 19:48:00,-0.81584935
2023-05-27 19:49:00,-0.8137478000000001
2023-05-27 19:50:00,-0.8152612000000001
2023-05-27 19:51:00,-0.8161155000000001
2023-05-27 19:52:00,-0.8178575000000001
2023-05-27 19:53:00,-0.8221445500000002
2023-05-27 19:54:00,-0.8314033500000002
2023-05-27 19:55:00,-0.8405925500000001
2023-05-27 19:56:00,-0.8512914
2023-05-27 19:57:00,-0.8611242
2023-05-27 19:58:00,-0.8719609000000003
2023-05-27 19:59:00,-0.8824748000000002
2023-05-27 20:00:00,-0.8884317500000001
2023-05-27 20:01:00,-0.87137805
2023-05-27 20:02:00,-0.85085215
2023-05-27 20:03:00,-0.82993865
2023-05-27 20:04:00,-0.8097427500000001
2023-05-27 20:05:00,-0.7851577500000001
2023-05-27 20:06:00,-0.7623756
2023-05-27 20:07:00,-0.7391817500000001
2023-05-27 20:08:00,-0.7128869000000001
2023-05-27 20:09:00,-0.687142
2023-05-27 20:10:00,-0.68252405
2023-05-27 20:11:00,-0.6596601000000001
2023-05-27 20:12:00,-0.6363679000000001
2023-05-27 20:13:00,-0.61000885
2023-05-27 20:14:00,-0.5844517
2023-05-27 20:15:00,-0.5586309
2023-05-27 20:16:00,-0.5321646000000002
2023-05-27 20:17:00,-0.5056362500000001
2023-05-27 20:18:00,-0.47844220000000015
2023-05-27 20:19:00,-0.4533878500000002
2023-05-27 20:20:00,-0.43311765
2023-05-27 20:21:00,-0.43551320000000004
2023-05-27 20:22:00,-0.43901445
2023-05-27 20:23:00,-0.44436925000000005
2023-05-27 20:24:00,-0.45049635000000005
2023-05-27 20:25:00,-0.4581848500000001
2023-05-27 20:26:00,-0.46735950000000015
2023-05-27 20:27:00,-0.47711675000000003
2023-05-27 20:28:00,-0.5034426000000001
2023-05-27 20:29:00,-0.5337482000000001
2023-05-27 20:30:00,-0.5422840000000001
2023-05-27 20:31:00,-0.56893505
2023-05-27 20:32:00,-0.6575013500000001
2023-05-27 20:33:00,-0.7452030500000001
2023-05-27 20:34:00,-0.8322258000000001
2023-05-27 20:35:00,-0.91366375
2023-05-27 20:36:00,-0.995152
2023-05-27 20:37:00,-1.0779911000000002
2023-05-27 20:38:00,-1.1644598000000002
2023-05-27 20:39:00,-1.2466426000000002
2023-05-27 20:40:00,-1.3289647
2023-05-27 20:41:00,-1.41151
2023-05-27 20:42:00,-1.49333385
2023-05-27 20:43:00,-1.57086575
2023-05-27 20:44:00,-1.648152
2023-05-27 20:45:00,-1.7239903
2023-05-27 20:46:00,-1.7980663500000003
2023-05-27 20:47:00,-1.8728643999999999
2023-05-27 20:48:00,-1.9319853000000002
2023-05-27 20:49:00,-1.9873847500000004
2023-05-27 20:50:00,-2.03933525
2023-05-27 20:51:00,-2.0933764999999998
2023-05-27 20:52:00,-2.079485
2023-05-27 20:53:00,-2.0664825
2023-05-27 20:54:00,-2.0533575
2023-05-27 20:55:00,-2.0443045
2023-05-27 20:56:00,-2.0367525
2023-05-27 20:57:00,-2.0289875
2023-05-27 20:58:00,-2.0176445
2023-05-27 20:59:00,-1.94871285
2023-05-27 21:00:00,-1.8788891500000002
2023-05-27 21:01:00,-1.8099676999999998
2023-05-27 21:02:00,-1.7433584000000002
2023-05-27 21:03:00,-1.6802028500000001
2023-05-27 21:04:00,-1.6150552500000002
2023-05-27 21:05:00,-1.55472
2023-05-27 21:06:00,-1.4930124
2023-05-27 21:07:00,-1.4253137000000002
2023-05-27 21:08:00,-1.36283455
2023-05-27 21:09:00,-1.2980233
2023-05-27 21:10:00,-1.2340243000000002
2023-05-27 21:11:00,-1.1480646
2023-05-27 21:12:00,-1.0684571
2023-05-27 21:13:00,-0.9885317000000001
2023-05-27 21:14:00,-0.9085892500000002
2023-05-27 21:15:00,-0.8273676000000002
2023-05-27 21:16:00,-0.7445657
2023-05-27 21:17:00,-0.6613629000000001
2023-05-27 21:18:00,-0.5777914500000001
2023-05-27 21:19:00,-0.5539777500000002
2023-05-27 21:20:00,-0.5307906500000001
2023-05-27 21:21:00,-0.5068275500000001
2023-05-27 21:22:00,-0.48376475000000013
2023-05-27 21:23:00,-0.45983400000000013
2023-05-27 21:24:00,-0.43686270000000016
2023-05-27 21:25:00,-0.4094554500000001
2023-05-27 21:26:00,-0.38308405000000006
2023-05-27 21:27:00,-0.35992800000000014
2023-05-27 21:28:00,-0.3336882000000001
2023-05-27 21:29:00,-0.31209125000000004
2023-05-27 21:30:00,-0.2896776000000001
2023-05-27 21:31:00,-0.2942994500000001
2023-05-27 21:32:00,-0.2999343000000001
2023-05-27 21:33:00,-0.3055772000000001
2023-05-27 21:34:00,-0.31082555000000006
2023-05-27 21:35:00,-0.3193220500000001
2023-05-27 21:36:00,-0.32713115000000004
2023-05-27 21:37:00,-0.33830055000000003
2023-05-27 21:38:00,-0.34918140000000003
2023-05-27 21:39:00,-0.35795450000000006
2023-05-27 21:40:00,-0.36672430000000006
2023-05-27 21:41:00,-0.3764929500000001
2023-05-27 21:42:00,-0.4474180500000001
2023-05-27 21:43:00,-0.5147928500000001
2023-05-27 21:44:00,-0.5851547500000001
2023-05-27 21:45:00,-0.6535322499999999
2023-05-27 21:46:00,-0.72410325
2023-05-27 21:47:00,-0.7959620000000001
2023-05-27 21:48:00,-0.8701634500000001
2023-05-27 21:49:00,-0.94061515
2023-05-27 21:50:00,-1.0112033
2023-05-27 21:51:00,-1.0753061499999998
2023-05-27 21:52:00,-1.1378503
2023-05-27 21:53:00,-1.2001198000000002
2023-05-27 21:54:00,-1.2630499000000002
2023-05-27 21:55:00,-1.32536105
2023-05-27 21:56:00,-1.3877408500000001
2023-05-27 21:57:00,-1.44654825
2023-05-27 21:58:00,-1.5026163500000003
2023-05-27 21:59:00,-1.5582181000000004
2023-05-27 22:00:00,-1.6133661000000001
2023-05-27 22:01:00,-1.6669085000000001
2023-05-27 22:02:00,-1.6010218000000003
2023-05-27 22:03:00,-1.5399263500000002
2023-05-27 22:04:00,-1.4690744
2023-05-27 22:05:00,-1.40035445
2023-05-27 22:06:00,-1.32921945
2023-05-27 22:07:00,-1.2555261
2023-05-27 22:08:00,-1.17958205
2023-05-27 22:09:00,-1.1043091
2023-05-27 22:10:00,-1.02925125
2023-05-27 22:11:00,-0.9542550500000001
2023-05-27 22:12:00,-0.8795946
2023-05-27 22:13:00,-0.8052173500000002
2023-05-27 22:14:00,-0.7304182
2023-05-27 22:15:00,-0.6564751
2023-05-27 22:16:00,-0.5824548
2023-05-27 22:17:00,-0.5084648
2023-05-27 22:18:00,-0.4379974500000001
2023-05-27 22:19:00,-0.37043990000000016
2023-05-27 22:20:00,-0.3024243000000001
2023-05-27 22:21:00,-0.2356250500000001
2023-05-27 22:22:00,-0.23094185000000012
2023-05-27 22:23:00,-0.22455050000000007
2023-05-27 22:24:00,-0.22488275000000008
2023-05-27 22:25:00,-0.22507900000000008
2023-05-27 22:26:00,-0.22520870000000007
2023-05-27 22:27:00,-0.22833280000000014
2023-05-27 22:28:00,-0.23149115000000006
2023-05-27 22:29:00,-0.2376324000000001
2023-05-27 22:30:00,-0.24489550000000007
2023-05-27 22:31:00,-0.2516364500000001
2023-05-27 22:32:00,-0.2584387000000001
2023-05-27 22:33:00,-0.2616812000000001
2023-05-27 22:34:00,-0.2654484500000001
2023-05-27 22:35:00,-0.26934760000000013
2023-05-27 22:36:00,-0.2733437000000001
2023-05-27 22:37:00,-0.2800687000000001
2023-05-27 22:38:00,-0.28614710000000004
2023-05-27 22:39:00,-0.29206555000000006
2023-05-27 22:40:00,-0.2986314000000001
2023-05-27 22:41:00,-0.30521765000000006
2023-05-27 22:42:00,-0.30809260000000005
2023-05-27 22:43:00,-0.31741845000000013
2023-05-27 22:44:00,-0.3263041500000001
2023-05-27 22:45:00,-0.3352521500000001
2023-05-27 22:46:00,-0.34392145000000013
2023-05-27 22:47:00,-0.3527100000000001
2023-05-27 22:48:00,-0.3614584000000001
2023-05-27 22:49:00,-0.3671369500000001
2023-05-27 22:50:00,-0.37185260000000003
2023-05-27 22:51:00,-0.3769865000000001
2023-05-27 22:52:00,-0.3821525
2023-05-27 22:53:00,-0.3910576000000001
2023-05-27 22:54:00,-0.3991031500000001
2023-05-27 22:55:00,-0.4069193000000001
2023-05-27 22:56:00,-0.4146901500000001
2023-05-27 22:58:00,-0.41971860000000005
2023-05-27 22:59:00,-0.42498170000000013
2023-05-27 23:00:00,-0.43116615000000014
2023-05-27 23:01:00,-0.43712785000000015
2023-05-27 23:02:00,-0.4418684000000001
2023-05-27 23:03:00,-0.4469897000000001
2023-05-27 23:04:00,-0.446085
2023-05-27 23:05:00,-0.44548780000000016
2023-05-27 23:06:00,-0.44497370000000014
2023-05-27 23:07:00,-0.44470490000000007
2023-05-27 23:08:00,-0.44122475000000005
2023-05-27 23:09:00,-0.4379938000000001
2023-05-27 23:10:00,-0.43453665
2023-05-27 23:11:00,-0.4310816500000001
2023-05-27 23:12:00,-0.42447095000000007
2023-05-27 23:13:00,-0.4177437000000001
2023-05-27 23:14:00,-0.41096400000000005
2023-05-27 23:15:00,-0.4049219500000001
2023-05-27 23:16:00,-0.39855550000000006
2023-05-27 23:17:00,-0.3927365000000001
2023-05-27 23:18:00,-0.3816352500000001
2023-05-27 23:19:00,-0.3702312500000001
2023-05-27 23:20:00,-0.3578674000000001
2023-05-27 23:21:00,-0.3460347500000001
2023-05-27 23:22:00,-0.33498020000000006
2023-05-27 23:23:00,-0.3232657500000001
2023-05-27 23:24:00,-0.3115328500000001
2023-05-27 23:25:00,-0.2998339000000001
2023-05-27 23:26:00,-0.28804565000000015
2023-05-27 23:27:00,-0.2762781500000001
2023-05-27 23:28:00,-0.26784450000000004
2023-05-27 23:29:00,-0.2590575000000001
2023-05-27 23:30:00,-0.2530461000000001
2023-05-27 23:31:00,-0.24692440000000004
2023-05-27 23:32:00,-0.24425785000000005
2023-05-27 23:33:00,-0.2421143000000001
2023-05-27 23:34:00,-0.23945785000000008
2023-05-27 23:35:00,-0.23689625000000009
2023-05-27 23:36:00,-0.2341869000000001
2023-05-27 23:37:00,-0.23153050000000008
2023-05-27 23:38:00,-0.23755975000000007
2023-05-27 23:39:00,-0.2438132500000001
2023-05-27 23:40:00,-0.2498333000000001
2023-05-27 23:41:00,-0.2558330000000001
2023-05-27 23:42:00,-0.2617628000000001
2023-05-27 23:43:00,-0.2676925500000001
2023-05-27 23:44:00,-0.27375635000000004
2023-05-27 23:45:00,-0.27980495000000005
2023-05-27 23:46:00,-0.2859663500000001
2023-05-27 23:47:00,-0.2920836500000001
2023-05-27 23:48:00,-0.2982293000000001
2023-05-27 23:49:00,-0.3043674500000001
2023-05-27 23:50:00,-0.3075302000000001
2023-05-27 23:51:00,-0.3112052000000001
2023-05-27 23:52:00,-0.3145373500000001
2023-05-27 23:53:00,-0.3174499500000001
2023-05-27 23:54:00,-0.3203634000000001
2023-05-27 23:55:00,-0.32374870000000006
2023-05-27 23:56:00,-0.32730405000000007
2023-05-27 23:57:00,-0.33978245000000007
2023-05-27 23:58:00,-0.34905160000000013
2023-05-27 23:59:00,-0.3543234000000001
